Source File	Size	loadResources	load	generateSnapshots	load-configure	scan	loadDepInfo	loadInfo	checkR4R4B	generateNarratives	validate	loadLists	checkConformanceResources	checkConformanceResources2	checkConformanceResources3	generateLogicalMaps	validateExpressions	scanForUsageStats	checkURLsUnique	processProvenanceDetails	generate1	generate2	responsesForQuestionnaire	generateLogicals	makeDependencies	generateExampleZip	generateValidationPack	scanProfilesForR5	scanExamplesForR5
/fsh-generated/resources/ImplementationGuide-smart.who.int.hiv.json	204105	-	0	0	0	0	0	0	26	186	0	0	0	0	0	0	0	4	0	0	574	884	0	0	0	0	31	0	3
fsh-generated/resources/ActivityDefinition-HIVB9DTScheduleFollowUp.json	1518	11	0	0	1	0	0	0	0	22	0	0	0	0	0	0	0	0	1	0	54	49	0	0	0	0	1	0	0
fsh-generated/resources/ActivityDefinition-HIVGuidanceCommunicationRequestActivity.json	1402	19	0	0	0	0	0	0	0	28	0	0	0	0	0	0	0	0	0	0	57	45	0	0	0	0	0	0	0
fsh-generated/resources/ActorDefinition-Client.json	709	20	0	0	0	0	0	0	0	27	0	0	0	0	0	0	0	0	0	0	32	94	0	0	0	1	0	0	0
fsh-generated/resources/ActorDefinition-CommunityHealthWorker.json	976	19	0	0	0	0	0	0	0	19	0	0	0	0	0	0	0	0	0	0	27	49	0	0	0	0	0	0	0
fsh-generated/resources/ActorDefinition-DataEntryClerk.json	754	18	0	0	1	0	0	0	0	23	0	0	0	0	0	0	0	0	0	0	27	45	0	0	0	0	0	0	0
fsh-generated/resources/ActorDefinition-DistrictHealthInformationOfficer.json	772	18	0	0	0	0	0	0	0	15	0	0	0	0	0	0	0	0	0	0	27	52	0	0	0	0	0	0	0
fsh-generated/resources/ActorDefinition-KeyPopulations.json	1023	19	0	0	0	0	0	0	0	28	0	0	0	0	0	0	0	0	0	0	29	72	0	0	0	0	1	0	1
fsh-generated/resources/ActorDefinition-LabTechnician.json	747	18	0	0	1	0	0	0	0	15	0	0	0	0	0	0	0	0	0	0	28	53	0	0	0	0	0	0	0
fsh-generated/resources/ActorDefinition-Nurse.json	708	19	0	0	0	0	0	0	0	14	0	0	0	0	0	0	0	0	0	0	28	46	0	0	0	0	0	0	0
fsh-generated/resources/ActorDefinition-Pharmacist.json	688	18	0	0	0	0	0	0	0	14	0	0	0	0	0	0	0	0	0	0	26	38	0	0	0	0	0	0	0
fsh-generated/resources/ActorDefinition-Physician.json	812	18	0	0	1	0	0	0	0	14	0	0	0	0	0	0	0	0	0	0	26	59	0	0	0	0	0	0	0
fsh-generated/resources/ActorDefinition-SpecialPopulationClient.json	771	13	0	0	0	0	0	0	0	16	0	0	0	0	0	0	0	0	0	0	26	38	0	0	0	0	0	0	0
fsh-generated/resources/ActorDefinition-SpecialistMedicalDoctor.json	933	12	0	0	0	0	0	0	0	15	0	0	0	0	0	0	0	0	0	0	26	38	0	0	0	0	1	0	0
fsh-generated/resources/ActorDefinition-TrainedLayProvider.json	708	12	0	0	0	0	0	0	0	17	0	0	0	0	0	0	0	0	0	0	26	36	0	0	0	0	0	0	0
fsh-generated/resources/ActorDefinition-TrainedNonPhysicianClinician.json	1011	8	0	0	0	0	0	0	0	15	0	0	0	0	0	0	0	0	0	0	36	37	0	0	0	0	0	0	0
fsh-generated/resources/CodeSystem-HIVConcepts.json	361404	50	0	0	2	0	0	0	18	638	0	0	2	0	0	0	0	2	0	0	1139	2336	0	0	0	0	55	0	2
fsh-generated/resources/Condition-ExampleElevatedHivRiskCondition.json	639	18	0	0	0	0	0	0	0	42	0	0	0	0	0	0	0	0	0	0	46	62	0	0	0	0	0	0	0
fsh-generated/resources/Condition-ExampleHivInvasiveCervicalCancerDiagnosis.json	859	11	0	0	1	0	0	0	0	2	0	0	0	0	0	0	0	0	0	0	47	57	0	0	0	0	0	0	0
fsh-generated/resources/Condition-ExampleHivPositiveCondition.json	814	8	0	0	0	0	0	0	0	3	0	0	0	0	0	0	0	0	0	0	41	64	0	0	0	0	0	0	0
fsh-generated/resources/ExampleScenario-HIV.A.REGISTRATION.json	4388	7	0	0	0	0	0	0	1	24	0	0	0	0	0	0	0	0	0	0	36	400	0	0	0	0	1	0	0
fsh-generated/resources/ExampleScenario-HIV.B.HIVtesting.json	8377	8	0	0	0	0	0	0	0	22	0	0	0	0	0	0	0	0	0	0	45	121	0	0	0	0	1	0	0
fsh-generated/resources/ExampleScenario-HIV.PrEP.Visit.Scenario.json	6300	8	0	0	0	0	0	0	1	20	0	0	0	0	0	0	0	0	0	0	46	81	0	0	0	0	0	0	0
fsh-generated/resources/Library-HIVB2DTLogic.json	1013	7	0	0	0	0	0	0	0	1476	0	0	0	0	0	0	0	0	0	0	407	49	0	0	0	0	16	0	0
fsh-generated/resources/Library-HIVB7DTLogic.json	1048	8	0	0	0	0	0	0	0	21	0	0	0	0	0	0	0	0	0	0	101	30	0	0	0	0	4	0	0
fsh-generated/resources/Library-HIVB9DTLogic.json	1013	7	0	0	0	0	0	0	1	31	0	0	0	0	0	0	0	0	0	0	388	45	0	0	0	0	14	0	0
fsh-generated/resources/Library-HIVC23DTLogic.json	1019	8	0	0	0	0	0	0	0	30	0	0	0	0	0	0	0	0	0	0	329	40	0	0	0	0	14	0	0
fsh-generated/resources/Library-HIVC7DTLogic.json	1013	7	0	0	1	0	0	0	0	29	0	0	0	0	0	0	0	0	0	0	1061	87	0	0	0	0	44	0	0
fsh-generated/resources/Library-HIVCommon.json	1024	7	0	0	0	0	0	0	0	15	0	0	0	0	0	0	0	0	0	0	1429	100	0	0	0	0	72	0	0
fsh-generated/resources/Library-HIVConcepts.json	1036	8	0	0	0	0	0	0	3	60	0	0	0	0	0	0	0	1	0	0	3577	230	0	0	0	0	99	0	1
fsh-generated/resources/Library-HIVConceptsCustom.json	1072	7	0	0	0	0	0	0	0	48	0	0	0	0	0	0	0	0	0	0	205	34	0	0	0	0	6	0	0
fsh-generated/resources/Library-HIVConfig.json	1024	8	0	0	1	0	0	0	0	14	0	0	0	0	0	0	0	0	0	0	53	83	0	0	0	0	1	0	0
fsh-generated/resources/Library-HIVD12DTLogic.json	1019	14	0	0	0	0	0	0	1	22	0	0	0	0	0	0	0	0	0	0	503	53	0	0	0	0	18	0	0
fsh-generated/resources/Library-HIVD15DTLogic.json	1019	8	0	0	0	0	0	0	0	18	0	0	0	0	0	0	0	0	0	0	1103	82	0	0	0	0	49	0	0
fsh-generated/resources/Library-HIVD4DTLogic.json	1013	7	0	0	0	0	0	0	0	16	0	0	0	0	0	0	0	0	0	0	392	47	0	0	0	0	17	0	0
fsh-generated/resources/Library-HIVElements.json	1036	8	0	0	1	0	0	0	27	434	0	0	0	0	0	0	0	2	0	0	34785	2128	0	0	0	0	1487	0	1
fsh-generated/resources/Library-HIVEncounterElements.json	1090	7	0	0	0	0	0	0	0	36	0	0	0	0	0	0	0	0	0	0	19134	1135	0	0	0	0	817	0	0
fsh-generated/resources/Library-HIVIND11Logic.json	1105	8	0	0	0	0	0	0	0	14	0	0	0	0	0	0	0	0	0	0	155	35	0	0	0	0	6	0	0
fsh-generated/resources/Library-HIVIND12Logic.json	1078	7	0	0	0	0	0	0	0	15	0	0	0	0	0	0	0	0	0	0	168	31	0	0	0	0	8	0	0
fsh-generated/resources/Library-HIVIND13Logic.json	1070	18	0	0	1	0	0	0	0	25	0	0	0	0	0	0	0	0	0	0	165	31	0	0	0	0	7	0	0
fsh-generated/resources/Library-HIVIND14Logic.json	1106	17	0	0	0	0	0	0	1	20	0	0	0	0	0	0	0	0	0	0	190	33	0	0	0	0	8	0	0
fsh-generated/resources/Library-HIVIND15Logic.json	1132	17	0	0	0	0	0	0	0	13	0	0	0	0	0	0	0	0	0	0	146	31	0	0	0	0	6	0	0
fsh-generated/resources/Library-HIVIND16Logic.json	1067	17	0	0	0	0	0	0	0	16	0	0	0	0	0	0	0	0	0	0	201	34	0	0	0	0	9	0	0
fsh-generated/resources/Library-HIVIND18Logic.json	1067	17	0	0	0	0	0	0	0	14	0	0	0	0	0	0	0	0	0	0	156	31	0	0	0	0	6	0	0
fsh-generated/resources/Library-HIVIND19Logic.json	1107	16	0	0	0	0	0	0	1	18	0	0	0	0	0	0	0	0	0	0	177	32	0	0	0	0	7	0	0
fsh-generated/resources/Library-HIVIND20Logic.json	1083	17	0	0	0	0	0	0	0	13	0	0	0	0	0	0	0	0	0	0	241	37	0	0	0	0	12	0	0
fsh-generated/resources/Library-HIVIND21Logic.json	1056	13	0	0	1	0	0	0	0	15	0	0	0	0	0	0	0	0	0	0	308	39	0	0	0	0	16	0	0
fsh-generated/resources/Library-HIVIND22Logic.json	1112	8	0	0	0	0	0	0	0	13	0	0	0	0	0	0	0	0	0	0	287	40	0	0	0	0	12	0	1
fsh-generated/resources/Library-HIVIND24Logic.json	1174	7	0	0	0	0	0	0	1	14	0	0	0	0	0	0	0	0	0	0	475	50	0	0	0	0	20	0	0
fsh-generated/resources/Library-HIVIND25Logic.json	1110	7	0	0	0	0	0	0	0	13	0	0	0	0	0	0	0	0	0	0	162	31	0	0	0	0	6	0	0
fsh-generated/resources/Library-HIVIND27Logic.json	1100	8	0	0	0	0	0	0	0	12	0	0	0	0	0	0	0	0	0	0	355	43	0	0	0	0	17	0	0
fsh-generated/resources/Library-HIVIND28Logic.json	1218	8	0	0	0	0	0	0	0	14	0	0	0	0	0	0	0	0	0	0	545	59	0	0	0	0	27	0	0
fsh-generated/resources/Library-HIVIND29Logic.json	1096	8	0	0	0	0	0	0	1	16	0	0	0	0	0	0	0	0	0	0	296	40	0	0	0	0	13	0	0
fsh-generated/resources/Library-HIVIND2Logic.json	1074	9	0	0	0	0	0	0	0	14	0	0	0	0	0	0	0	1	0	0	200	34	0	0	0	0	8	0	0
fsh-generated/resources/Library-HIVIND30Logic.json	1053	8	0	0	1	0	0	0	0	14	0	0	0	0	0	0	0	0	0	0	154	31	0	0	0	0	6	0	0
fsh-generated/resources/Library-HIVIND31Logic.json	1082	7	0	0	0	0	0	0	0	13	0	0	0	0	0	0	0	0	0	0	226	40	0	0	0	0	10	0	0
fsh-generated/resources/Library-HIVIND32Logic.json	1092	8	0	0	0	0	0	0	1	17	0	0	0	0	0	0	0	0	0	0	270	38	0	0	0	0	12	0	0
fsh-generated/resources/Library-HIVIND33Logic.json	1123	7	0	0	0	0	0	0	0	15	1	0	0	0	0	0	0	0	0	0	219	39	0	0	0	0	9	0	0
fsh-generated/resources/Library-HIVIND34Logic.json	1131	7	0	0	0	0	0	0	0	15	0	0	0	0	0	0	0	0	0	0	235	36	0	0	0	0	11	0	0
fsh-generated/resources/Library-HIVIND35Logic.json	1057	8	0	0	0	0	0	0	0	14	0	0	0	0	0	0	0	0	0	0	413	46	0	0	0	0	19	0	0
fsh-generated/resources/Library-HIVIND37Logic.json	1085	7	0	0	0	0	0	0	1	15	0	0	0	0	0	0	0	0	0	0	236	36	0	0	0	0	11	0	0
fsh-generated/resources/Library-HIVIND38Logic.json	1109	7	0	0	1	0	0	0	0	14	0	0	0	0	0	0	0	0	0	0	199	34	0	0	0	0	9	0	0
fsh-generated/resources/Library-HIVIND39Logic.json	1057	7	0	0	0	0	0	0	0	12	0	0	0	0	0	0	0	0	0	0	138	29	0	0	0	0	5	0	0
fsh-generated/resources/Library-HIVIND3Logic.json	1094	7	0	0	0	0	0	0	0	14	0	0	0	0	0	0	0	0	0	0	220	48	0	0	0	0	9	0	0
fsh-generated/resources/Library-HIVIND40Logic.json	1099	8	0	0	0	0	0	0	0	15	0	0	0	0	0	0	0	0	0	0	276	38	0	0	0	0	13	0	0
fsh-generated/resources/Library-HIVIND41Logic.json	1106	8	0	0	0	0	0	0	1	13	0	0	0	0	0	0	0	0	0	0	392	44	0	0	0	0	21	0	0
fsh-generated/resources/Library-HIVIND42Logic.json	1067	7	0	0	1	0	0	0	0	13	0	0	0	0	0	0	0	0	0	0	290	38	0	0	0	0	15	0	0
fsh-generated/resources/Library-HIVIND43Logic.json	1104	8	0	0	0	0	0	0	0	13	0	0	0	0	0	0	0	0	0	0	192	33	0	0	0	0	8	0	0
fsh-generated/resources/Library-HIVIND44Logic.json	1095	8	0	0	0	0	0	0	0	12	0	0	0	0	0	0	0	0	0	0	176	32	0	0	0	0	8	0	0
fsh-generated/resources/Library-HIVIND45Logic.json	1128	7	0	0	0	0	0	0	1	13	0	0	0	0	0	0	0	0	0	0	201	34	0	0	0	0	9	0	0
fsh-generated/resources/Library-HIVIND46Logic.json	1147	7	0	0	0	0	0	0	0	13	0	0	0	0	0	0	0	0	0	0	227	35	0	0	0	0	10	0	0
fsh-generated/resources/Library-HIVIND47Logic.json	1080	7	0	0	0	0	0	0	0	13	0	0	0	0	0	0	0	0	0	0	197	33	0	0	0	0	8	0	0
fsh-generated/resources/Library-HIVIND48Logic.json	1078	7	0	0	0	0	0	0	0	14	0	0	0	0	0	0	0	0	0	0	178	32	0	0	0	0	7	0	0
fsh-generated/resources/Library-HIVIND49Logic.json	1113	8	0	0	1	0	0	0	1	12	0	0	0	0	0	0	0	0	0	0	181	32	0	0	0	0	8	0	0
fsh-generated/resources/Library-HIVIND4Logic.json	1037	7	0	0	0	0	0	0	0	13	0	0	0	0	0	0	0	0	0	0	197	34	0	0	0	0	8	0	0
fsh-generated/resources/Library-HIVIND50Logic.json	1118	7	0	0	0	0	0	0	0	13	0	0	0	0	0	0	0	0	0	0	219	34	0	0	0	0	10	0	0
fsh-generated/resources/Library-HIVIND51Logic.json	1112	7	0	0	0	0	0	0	0	13	0	0	0	0	0	0	0	0	0	0	260	37	0	0	0	0	11	0	0
fsh-generated/resources/Library-HIVIND52Logic.json	1109	8	0	0	0	0	0	0	0	12	0	0	0	0	0	0	0	0	0	0	272	37	0	0	0	0	11	0	0
fsh-generated/resources/Library-HIVIND53Logic.json	1126	7	0	0	0	0	0	0	1	15	0	0	0	0	0	0	0	0	0	0	267	37	0	0	0	0	12	0	0
fsh-generated/resources/Library-HIVIND54Logic.json	1068	7	0	0	0	0	0	0	0	13	0	0	0	0	0	0	0	0	0	0	177	32	0	0	0	0	7	0	0
fsh-generated/resources/Library-HIVIND55Logic.json	1232	8	0	0	1	0	0	0	0	13	0	0	0	0	0	0	0	0	0	0	177	33	0	0	0	0	7	0	0
fsh-generated/resources/Library-HIVIND56Logic.json	1069	8	0	0	0	0	0	0	1	14	0	0	0	0	0	0	0	0	0	0	214	34	0	0	0	0	21	0	0
fsh-generated/resources/Library-HIVIND57Logic.json	1089	7	0	0	0	0	0	0	0	12	0	0	0	0	0	0	0	0	0	0	434	46	0	0	0	0	24	0	0
fsh-generated/resources/Library-HIVIND58Logic.json	1105	7	0	0	0	0	0	0	0	13	0	0	0	0	0	0	0	0	0	0	177	33	0	0	0	0	7	0	0
fsh-generated/resources/Library-HIVIND59Logic.json	1087	7	0	0	0	0	0	0	0	15	0	0	0	0	0	0	0	0	0	0	153	31	0	0	0	0	6	0	0
fsh-generated/resources/Library-HIVIND5Logic.json	1057	8	0	0	1	0	0	0	0	12	0	0	0	0	0	0	0	0	0	0	175	32	0	0	0	0	7	0	0
fsh-generated/resources/Library-HIVIND60Logic.json	1107	7	0	0	0	0	0	0	1	14	0	0	0	0	0	0	0	0	0	0	195	33	0	0	0	0	9	0	0
fsh-generated/resources/Library-HIVIND61Logic.json	1096	7	0	0	0	0	0	0	0	13	0	0	0	0	0	0	0	0	0	0	171	32	0	0	0	0	8	0	0
fsh-generated/resources/Library-HIVIND62Logic.json	1145	8	0	0	0	0	0	0	0	13	0	0	0	0	0	0	0	0	0	0	253	38	0	0	0	0	11	0	0
fsh-generated/resources/Library-HIVIND63Logic.json	1127	7	0	0	0	0	0	0	0	13	0	0	0	0	0	0	0	0	0	0	191	33	0	0	0	0	8	0	0
fsh-generated/resources/Library-HIVIND64Logic.json	1111	7	0	0	0	0	0	0	1	14	0	0	0	0	0	0	0	0	0	0	263	37	0	0	0	0	13	0	0
fsh-generated/resources/Library-HIVIND65Logic.json	1083	7	0	0	1	0	0	0	0	16	0	0	0	0	0	0	0	0	0	0	233	35	0	0	0	0	10	0	0
fsh-generated/resources/Library-HIVIND66Logic.json	1151	8	0	0	0	0	0	0	0	13	0	0	0	0	0	0	0	1	0	0	257	37	0	0	0	0	12	0	0
fsh-generated/resources/Library-HIVIND67Logic.json	1133	7	0	0	0	0	0	0	0	13	0	0	0	0	0	0	0	0	0	0	224	35	0	0	0	0	11	0	0
fsh-generated/resources/Library-HIVIND68Logic.json	1153	7	0	0	0	0	0	0	0	13	0	0	0	0	0	0	0	0	0	0	278	38	0	0	0	0	14	0	0
fsh-generated/resources/Library-HIVIND69Logic.json	1129	8	0	0	0	0	0	0	1	12	0	0	0	0	0	0	0	0	0	0	254	35	0	0	0	0	13	0	1
fsh-generated/resources/Library-HIVIND6Logic.json	1039	7	0	0	0	0	0	0	0	13	0	0	0	0	0	0	0	0	0	0	177	32	0	0	0	0	7	0	0
fsh-generated/resources/Library-HIVIND70Logic.json	1098	7	0	0	0	0	0	0	0	14	0	0	0	0	0	0	0	0	0	0	229	36	0	0	0	0	10	0	0
fsh-generated/resources/Library-HIVIND71Logic.json	1080	7	0	0	1	0	0	0	0	13	0	0	0	0	0	0	0	0	0	0	195	33	0	0	0	0	7	0	0
fsh-generated/resources/Library-HIVIND72Logic.json	1077	8	0	0	0	0	0	0	1	13	0	0	0	0	0	0	0	0	0	0	248	37	0	0	0	0	11	0	0
fsh-generated/resources/Library-HIVIND73Logic.json	1093	7	0	0	0	0	0	0	0	13	0	0	0	0	0	0	0	0	0	0	194	33	0	0	0	0	8	0	0
fsh-generated/resources/Library-HIVIND74Logic.json	1153	7	0	0	0	0	0	0	0	13	0	0	0	0	0	0	0	0	0	0	175	32	0	0	0	0	7	0	0
fsh-generated/resources/Library-HIVIND75Logic.json	1135	8	0	0	0	0	0	0	0	13	0	0	0	0	0	0	0	0	0	0	158	31	0	0	0	0	6	0	0
fsh-generated/resources/Library-HIVIND76Logic.json	1117	7	0	0	0	0	0	0	1	13	0	0	0	0	0	0	0	0	0	0	229	36	0	0	0	0	10	0	0
fsh-generated/resources/Library-HIVIND77Logic.json	1099	8	0	0	0	0	0	0	0	12	0	0	0	0	0	0	0	0	0	0	216	34	0	0	0	0	9	0	0
fsh-generated/resources/Library-HIVIND78Logic.json	1181	8	0	0	1	0	0	0	0	13	0	0	0	0	0	0	0	0	0	0	220	36	0	0	0	0	9	0	0
fsh-generated/resources/Library-HIVIND79Logic.json	1163	7	0	0	0	0	0	0	0	13	0	0	0	0	0	0	0	0	0	0	205	34	0	0	0	0	9	0	0
fsh-generated/resources/Library-HIVIND7Logic.json	1076	8	0	0	0	0	0	0	1	16	0	0	0	0	0	0	0	0	0	0	213	34	0	0	0	0	9	0	0
fsh-generated/resources/Library-HIVIND80Logic.json	1170	7	0	0	0	0	0	0	0	12	0	0	0	0	0	0	0	0	0	0	167	32	0	0	0	0	7	0	0
fsh-generated/resources/Library-HIVIND81Logic.json	1152	7	0	0	0	0	0	0	0	12	0	0	0	0	0	0	0	0	0	0	154	30	0	0	0	0	6	0	0
fsh-generated/resources/Library-HIVIND82Logic.json	1144	7	0	0	0	0	0	0	0	12	0	0	0	0	0	0	0	0	0	0	165	32	0	0	0	0	6	0	0
fsh-generated/resources/Library-HIVIND83Logic.json	1182	8	0	0	1	0	0	0	1	12	0	0	0	0	0	0	0	0	0	0	168	31	0	0	0	0	7	0	0
fsh-generated/resources/Library-HIVIND84Logic.json	1164	7	0	0	0	0	0	0	0	12	0	0	0	0	0	0	0	0	0	0	154	32	0	0	0	0	6	0	0
fsh-generated/resources/Library-HIVIND85Logic.json	1141	7	0	0	0	0	0	0	0	12	0	0	0	0	0	0	0	0	0	0	258	36	0	0	0	0	12	0	0
fsh-generated/resources/Library-HIVIND86Logic.json	1123	8	0	0	0	0	0	0	0	13	0	0	0	0	0	0	0	0	0	0	202	34	0	0	0	0	9	0	0
fsh-generated/resources/Library-HIVIND87Logic.json	1115	7	0	0	0	0	0	0	1	12	0	0	0	0	0	0	0	0	0	0	271	38	0	0	0	0	13	0	0
fsh-generated/resources/Library-HIVIND88Logic.json	1158	7	0	0	0	0	0	0	0	12	0	0	0	0	0	0	0	0	0	0	209	34	0	0	0	0	9	0	0
fsh-generated/resources/Library-HIVIND89Logic.json	1140	10	0	0	0	0	0	0	0	12	0	0	0	0	0	0	0	0	0	0	159	31	0	0	0	0	7	0	0
fsh-generated/resources/Library-HIVIND8Logic.json	1085	8	0	0	1	0	0	0	0	12	0	0	0	0	0	0	0	0	0	0	150	46	0	0	0	0	6	0	0
fsh-generated/resources/Library-HIVIND90Logic.json	1088	7	0	0	0	0	0	0	0	13	0	0	0	0	0	0	0	0	0	0	279	37	0	0	0	0	12	0	0
fsh-generated/resources/Library-HIVIND91Logic.json	1146	8	0	0	0	0	0	0	1	12	0	0	0	0	0	0	0	0	0	0	208	34	0	0	0	0	9	0	0
fsh-generated/resources/Library-HIVIND92Logic.json	1121	7	0	0	0	0	0	0	0	12	0	0	0	0	0	0	0	0	0	0	327	43	0	0	0	0	16	0	0
fsh-generated/resources/Library-HIVIND93Logic.json	1097	7	0	0	0	0	0	0	0	12	0	0	0	0	0	0	0	0	0	0	126	29	0	0	0	0	5	0	0
fsh-generated/resources/Library-HIVIND94Logic.json	1115	8	0	0	1	0	0	0	0	12	0	0	0	0	0	0	0	0	0	0	201	33	0	0	0	0	9	0	0
fsh-generated/resources/Library-HIVIND95Logic.json	1077	7	0	0	0	0	0	0	1	12	0	0	0	0	0	0	0	0	0	0	182	33	0	0	0	0	8	0	0
fsh-generated/resources/Library-HIVIND96Logic.json	1077	7	0	0	0	0	0	0	0	12	0	0	0	0	0	0	0	0	0	0	278	37	0	0	0	0	13	0	0
fsh-generated/resources/Library-HIVIND9Logic.json	1121	7	0	0	0	0	0	0	0	13	0	0	0	0	0	0	0	0	0	0	93	27	0	0	0	0	3	0	0
fsh-generated/resources/Library-HIVIndicatorElements.json	1090	8	0	0	1	0	0	0	10	93	0	0	0	0	0	0	0	2	0	0	18758	1229	0	0	0	0	845	0	1
fsh-generated/resources/Library-WHOCommon.json	1024	9	0	0	0	0	0	0	1	10	0	0	0	0	0	0	0	0	0	0	1197	89	0	0	0	0	63	0	0
fsh-generated/resources/Library-WHOConcepts.json	1036	8	0	0	0	0	0	0	0	21	0	0	0	0	0	0	0	0	0	0	63	25	0	0	0	0	2	0	0
fsh-generated/resources/Library-WHOElements.json	1036	8	0	0	1	0	0	0	0	11	0	0	0	0	0	0	0	0	0	0	78	25	0	0	0	0	2	0	0
fsh-generated/resources/Library-WHOEncounterElements.json	1090	7	0	0	0	0	0	0	0	11	0	0	0	0	0	0	0	0	0	0	79	26	0	0	0	0	3	0	0
fsh-generated/resources/Measure-HIVIND11.json	3277	8	0	0	0	0	0	0	0	18	0	0	0	0	0	0	0	0	0	0	31	25	0	0	0	0	1	0	0
fsh-generated/resources/Measure-HIVIND12.json	3451	7	1	0	0	0	0	0	0	11	0	0	0	0	0	0	0	0	0	0	31	46	0	0	0	0	0	0	0
fsh-generated/resources/Measure-HIVIND13.json	3357	7	0	0	0	0	0	0	0	12	0	0	0	0	0	0	0	0	0	0	31	48	0	0	0	0	0	0	0
fsh-generated/resources/Measure-HIVIND14.json	3490	8	0	0	0	0	0	0	1	10	0	0	0	0	0	0	0	0	0	0	31	48	0	0	0	0	0	0	0
fsh-generated/resources/Measure-HIVIND15.json	3954	7	0	0	1	0	0	0	0	11	0	0	0	0	0	0	0	0	0	0	31	48	0	0	0	0	1	0	0
fsh-generated/resources/Measure-HIVIND16.json	3385	7	0	0	0	0	0	0	0	11	0	0	0	0	0	1	0	0	0	0	31	45	0	0	0	0	0	0	0
fsh-generated/resources/Measure-HIVIND18.json	3935	7	0	0	0	0	0	0	0	10	0	0	0	0	0	0	0	0	0	0	31	46	0	0	0	0	0	0	0
fsh-generated/resources/Measure-HIVIND19.json	3418	8	0	0	0	0	0	0	0	10	0	0	0	0	0	0	0	0	0	0	31	47	0	0	0	0	0	0	0
fsh-generated/resources/Measure-HIVIND2.json	3900	7	0	0	0	0	0	0	0	10	0	0	0	0	0	0	0	0	0	0	33	46	0	0	0	0	0	0	0
fsh-generated/resources/Measure-HIVIND20.json	3309	7	0	0	0	0	0	0	1	10	0	0	0	0	0	0	0	0	0	0	30	44	0	0	0	0	0	0	0
fsh-generated/resources/Measure-HIVIND21.json	3355	8	0	0	0	0	0	0	0	9	0	0	0	0	0	0	0	0	0	0	32	49	0	0	0	0	1	0	0
fsh-generated/resources/Measure-HIVIND22.json	3941	7	0	0	1	0	0	0	0	10	0	0	0	0	0	0	0	0	0	0	32	25	0	0	0	0	0	0	0
fsh-generated/resources/Measure-HIVIND24.json	3765	8	0	0	0	0	0	0	0	10	0	0	0	0	0	0	0	0	0	0	33	38	0	0	0	0	0	0	0
fsh-generated/resources/Measure-HIVIND25.json	3750	7	0	0	1	0	0	0	0	10	0	0	0	0	0	0	0	0	0	0	32	25	0	0	0	0	0	0	0
fsh-generated/resources/Measure-HIVIND27.json	3938	7	0	0	0	0	0	0	0	10	0	0	0	0	0	0	0	0	0	0	31	26	0	0	0	0	0	0	0
fsh-generated/resources/Measure-HIVIND28.json	3804	8	0	0	0	0	0	0	0	10	0	0	0	0	0	0	0	0	0	0	32	47	0	0	0	0	1	0	0
fsh-generated/resources/Measure-HIVIND29.json	3838	7	0	0	0	0	0	0	1	11	0	0	0	0	0	0	0	0	0	0	32	29	0	0	0	0	0	0	0
fsh-generated/resources/Measure-HIVIND3.json	3993	7	0	0	0	0	0	0	0	9	0	0	0	0	0	0	0	0	0	0	34	25	0	0	0	0	0	0	0
fsh-generated/resources/Measure-HIVIND30.json	3878	8	0	0	0	0	0	0	0	10	0	0	0	0	0	0	0	0	0	0	32	32	0	0	0	0	0	0	0
fsh-generated/resources/Measure-HIVIND31.json	3362	7	0	0	0	0	0	0	0	10	0	0	0	0	0	0	0	0	0	0	31	25	0	0	0	0	0	0	0
fsh-generated/resources/Measure-HIVIND32.json	3418	7	0	0	0	0	0	0	0	9	0	0	0	0	0	0	0	0	0	0	31	24	0	0	0	0	1	0	0
fsh-generated/resources/Measure-HIVIND33.json	3651	8	0	0	1	0	0	0	0	10	0	0	0	0	0	0	0	0	0	0	32	25	0	0	0	0	0	0	0
fsh-generated/resources/Measure-HIVIND34.json	3571	7	0	0	0	0	0	0	0	9	0	0	0	0	0	0	0	0	0	0	31	24	0	0	0	0	0	0	0
fsh-generated/resources/Measure-HIVIND35.json	3267	7	0	0	0	0	0	0	1	12	0	0	0	0	0	0	0	0	0	0	30	24	0	0	0	0	0	0	0
fsh-generated/resources/Measure-HIVIND37.json	3651	8	0	0	0	0	0	0	0	11	0	0	0	0	0	0	0	0	0	0	31	23	0	0	0	0	0	0	0
fsh-generated/resources/Measure-HIVIND38.json	3615	7	0	0	0	0	0	0	0	10	0	0	0	0	0	0	0	0	0	0	31	24	0	0	0	0	1	0	0
fsh-generated/resources/Measure-HIVIND39.json	3352	7	0	0	0	0	0	0	0	9	0	0	0	0	0	0	0	0	0	0	30	25	0	0	0	0	0	0	0
fsh-generated/resources/Measure-HIVIND4.json	3867	8	0	0	0	0	0	0	0	9	0	0	0	0	0	0	0	0	0	0	30	24	0	0	0	0	0	0	0
fsh-generated/resources/Measure-HIVIND40.json	3486	7	0	0	0	0	0	0	0	10	0	0	0	0	0	0	0	0	0	0	35	24	0	0	0	0	0	0	0
fsh-generated/resources/Measure-HIVIND41.json	3318	7	0	0	1	0	0	0	0	8	0	0	0	0	0	0	0	0	0	0	31	24	0	0	0	0	0	0	1
fsh-generated/resources/Measure-HIVIND42.json	3769	7	0	0	0	0	0	0	1	9	0	0	0	0	0	0	0	0	0	0	31	24	0	0	0	0	0	0	0
fsh-generated/resources/Measure-HIVIND43.json	3294	8	0	0	0	0	0	0	0	9	0	0	0	0	0	0	0	0	0	0	31	25	0	0	0	0	1	0	0
fsh-generated/resources/Measure-HIVIND44.json	3380	7	0	0	1	0	0	0	0	9	0	0	0	0	0	0	0	0	0	0	31	24	0	0	0	0	0	0	0
fsh-generated/resources/Measure-HIVIND45.json	3441	7	0	0	0	0	0	0	0	9	0	0	0	0	0	0	0	0	0	0	32	25	0	0	0	0	0	0	0
fsh-generated/resources/Measure-HIVIND46.json	3585	7	0	0	0	0	0	0	0	8	0	0	0	0	0	0	0	0	0	0	31	30	0	0	0	0	0	0	0
fsh-generated/resources/Measure-HIVIND47.json	3509	8	0	0	0	0	0	0	0	10	0	0	0	0	0	0	0	0	0	0	32	24	0	0	0	0	0	0	0
fsh-generated/resources/Measure-HIVIND48.json	3608	7	0	0	0	0	0	0	0	10	0	0	0	0	0	0	0	0	0	0	36	24	0	0	0	0	0	0	0
fsh-generated/resources/Measure-HIVIND49.json	3406	7	0	0	0	0	0	0	1	8	0	0	0	0	0	0	0	0	0	0	33	23	0	0	0	0	1	0	0
fsh-generated/resources/Measure-HIVIND5.json	3886	8	0	0	1	0	0	0	0	10	0	0	0	0	0	0	0	0	0	0	32	24	0	0	0	0	0	0	0
fsh-generated/resources/Measure-HIVIND50.json	3549	7	0	0	0	0	0	0	0	8	0	0	0	0	0	0	0	0	0	0	32	24	0	0	0	0	0	0	0
fsh-generated/resources/Measure-HIVIND51.json	3445	8	0	0	0	0	0	0	0	9	0	0	0	0	0	0	0	0	0	0	31	24	0	0	0	0	0	0	0
fsh-generated/resources/Measure-HIVIND52.json	3503	7	0	0	0	0	0	0	0	9	0	0	0	0	0	0	0	0	0	0	32	24	0	0	0	0	0	0	0
fsh-generated/resources/Measure-HIVIND53.json	3837	7	0	0	0	0	0	0	0	10	0	0	0	0	0	0	0	0	0	0	35	24	0	0	0	0	0	0	0
fsh-generated/resources/Measure-HIVIND54.json	3645	7	0	0	0	0	0	0	0	11	0	0	0	0	0	0	0	0	0	0	31	24	0	0	0	0	1	0	0
fsh-generated/resources/Measure-HIVIND55.json	3783	8	0	0	0	0	0	0	1	14	0	0	0	0	0	0	0	0	0	0	31	24	0	0	0	0	0	0	0
fsh-generated/resources/Measure-HIVIND56.json	3531	7	0	0	1	0	0	0	0	18	0	0	0	0	0	0	0	0	0	0	31	24	0	0	0	0	0	0	0
fsh-generated/resources/Measure-HIVIND57.json	3726	7	0	0	0	0	0	0	0	17	0	0	0	0	0	0	0	0	0	0	33	24	0	0	0	0	0	0	0
fsh-generated/resources/Measure-HIVIND58.json	3459	8	0	0	0	0	0	0	0	17	0	0	0	0	0	0	0	0	0	0	32	24	0	0	0	0	0	0	0
fsh-generated/resources/Measure-HIVIND59.json	3436	7	0	0	0	0	0	0	0	17	0	0	0	0	0	0	0	0	0	0	32	24	0	0	0	0	0	0	0
fsh-generated/resources/Measure-HIVIND6.json	3413	7	0	0	0	0	0	0	0	16	0	0	0	0	0	0	0	0	0	0	38	24	0	0	0	0	1	0	0
fsh-generated/resources/Measure-HIVIND60.json	3443	8	0	0	0	0	0	0	0	16	0	0	0	0	0	0	0	0	0	0	31	24	0	0	0	0	0	0	0
fsh-generated/resources/Measure-HIVIND61.json	3404	7	0	0	0	0	0	0	1	14	0	0	0	0	0	0	0	0	0	0	30	23	0	0	0	0	0	0	0
fsh-generated/resources/Measure-HIVIND62.json	3536	7	0	0	0	0	0	0	0	14	0	0	0	0	0	0	0	0	0	0	34	24	0	0	0	0	0	0	0
fsh-generated/resources/Measure-HIVIND63.json	3549	8	0	0	1	0	0	0	0	109	0	0	0	0	0	0	0	0	0	0	31	24	0	0	0	0	0	0	0
fsh-generated/resources/Measure-HIVIND64.json	3336	7	0	0	0	0	0	0	0	9	0	0	0	0	0	0	0	1	0	0	31	23	0	0	0	0	0	0	0
fsh-generated/resources/Measure-HIVIND65.json	3266	7	0	0	0	0	0	0	0	8	0	0	0	0	0	0	0	0	0	0	30	23	0	0	0	0	1	0	0
fsh-generated/resources/Measure-HIVIND66.json	3390	8	0	0	0	0	0	0	0	7	0	0	0	0	0	0	0	0	0	0	32	23	0	0	0	0	0	0	0
fsh-generated/resources/Measure-HIVIND67.json	3333	7	0	0	0	0	0	0	0	7	0	0	0	0	0	0	0	0	0	0	31	24	0	0	0	0	0	0	0
fsh-generated/resources/Measure-HIVIND68.json	3404	7	0	0	0	0	0	0	1	9	0	0	0	0	0	0	0	0	0	0	31	23	0	0	0	0	0	0	0
fsh-generated/resources/Measure-HIVIND69.json	3322	8	0	0	0	0	0	0	0	7	0	0	0	0	0	0	0	0	0	0	31	24	0	0	0	0	0	0	0
fsh-generated/resources/Measure-HIVIND7.json	3403	7	0	0	0	0	0	0	0	8	0	0	0	0	0	0	0	0	0	0	31	23	0	0	0	0	0	0	0
fsh-generated/resources/Measure-HIVIND70.json	3268	7	0	0	1	0	0	0	0	8	0	0	0	0	0	0	0	0	0	0	31	23	0	0	0	0	1	0	0
fsh-generated/resources/Measure-HIVIND71.json	3298	7	0	0	0	0	0	0	0	7	0	0	0	0	0	0	0	0	0	0	31	23	0	0	0	0	0	0	0
fsh-generated/resources/Measure-HIVIND72.json	3210	8	0	0	0	0	0	0	0	8	0	0	0	0	0	0	0	0	0	0	31	23	0	0	0	0	0	0	0
fsh-generated/resources/Measure-HIVIND73.json	3235	7	0	0	0	0	0	0	0	7	0	0	0	0	0	0	0	0	0	0	30	23	0	0	0	0	0	0	0
fsh-generated/resources/Measure-HIVIND74.json	3398	7	0	0	0	0	0	0	0	8	0	0	0	0	0	0	0	0	0	0	31	25	0	0	0	0	0	0	0
fsh-generated/resources/Measure-HIVIND75.json	3341	8	0	0	0	0	0	0	1	7	0	0	0	0	0	0	0	0	0	0	30	24	0	0	0	0	0	0	0
fsh-generated/resources/Measure-HIVIND76.json	3193	7	0	0	0	0	0	0	0	7	0	0	0	0	0	0	0	0	0	0	30	23	0	0	0	0	1	0	0
fsh-generated/resources/Measure-HIVIND77.json	3178	7	0	0	1	0	0	0	0	7	0	0	0	0	0	0	0	0	0	0	30	23	0	0	0	0	0	0	0
fsh-generated/resources/Measure-HIVIND78.json	3317	7	0	0	0	0	0	0	0	8	0	0	0	0	0	0	0	0	0	0	31	23	0	0	0	0	0	0	0
fsh-generated/resources/Measure-HIVIND79.json	3260	8	0	0	0	0	0	0	0	7	0	0	0	0	0	0	0	0	0	0	30	23	0	0	0	0	0	0	0
fsh-generated/resources/Measure-HIVIND8.json	3488	7	0	0	0	0	0	0	0	7	0	0	0	0	0	0	0	0	0	0	31	23	0	0	0	0	0	0	0
fsh-generated/resources/Measure-HIVIND80.json	3304	8	0	0	0	0	0	0	0	8	0	0	0	0	0	0	0	0	0	0	31	23	0	0	0	0	0	0	0
fsh-generated/resources/Measure-HIVIND81.json	3289	7	0	0	0	0	0	0	1	7	0	0	0	0	0	0	0	0	0	0	31	23	0	0	0	0	1	0	0
fsh-generated/resources/Measure-HIVIND82.json	3240	7	0	0	0	0	0	0	0	8	0	0	0	0	0	0	0	0	0	0	30	24	0	0	0	0	0	0	0
fsh-generated/resources/Measure-HIVIND83.json	3358	8	0	0	0	0	0	0	0	8	0	0	0	0	0	0	0	0	0	0	30	24	0	0	0	0	0	0	0
fsh-generated/resources/Measure-HIVIND84.json	3343	7	0	0	1	0	0	0	0	7	0	0	0	0	0	0	0	0	0	0	31	23	0	0	0	0	0	0	0
fsh-generated/resources/Measure-HIVIND85.json	3217	7	0	0	0	0	0	0	0	7	0	0	0	0	0	0	0	0	0	0	31	23	0	0	0	0	0	0	0
fsh-generated/resources/Measure-HIVIND86.json	3151	7	0	0	0	0	0	0	0	8	0	0	0	0	0	0	0	0	0	0	31	23	0	0	0	0	0	0	0
fsh-generated/resources/Measure-HIVIND87.json	3121	8	0	0	0	0	0	0	0	9	0	0	0	0	0	0	0	0	0	0	30	23	0	0	0	0	0	0	0
fsh-generated/resources/Measure-HIVIND88.json	3242	7	0	0	0	0	0	0	0	7	0	0	0	0	0	0	0	0	0	0	30	23	0	0	0	0	1	0	0
fsh-generated/resources/Measure-HIVIND89.json	3235	8	0	0	0	0	0	0	1	8	0	0	0	0	0	0	0	0	0	0	30	23	0	0	0	0	0	0	0
fsh-generated/resources/Measure-HIVIND9.json	3557	7	0	0	0	0	0	0	0	7	0	0	0	0	0	0	0	0	0	0	31	23	0	0	0	0	0	0	0
fsh-generated/resources/Measure-HIVIND90.json	3266	7	0	0	1	0	0	0	0	8	0	0	0	0	0	0	0	0	0	0	30	24	0	0	0	0	0	0	0
fsh-generated/resources/Measure-HIVIND91.json	3277	8	0	0	0	0	0	0	0	7	0	0	0	0	0	0	0	0	0	0	30	23	0	0	0	0	0	0	0
fsh-generated/resources/Measure-HIVIND92.json	3444	7	0	0	0	0	0	0	0	9	0	0	0	0	0	0	0	0	0	0	31	24	0	0	0	0	0	0	0
fsh-generated/resources/Measure-HIVIND93.json	3722	7	0	0	0	0	0	0	0	9	0	0	0	0	0	0	0	0	0	0	31	24	0	0	0	0	1	0	0
fsh-generated/resources/Measure-HIVIND94.json	3350	7	0	0	0	0	0	0	0	7	0	0	0	0	0	0	0	0	0	0	30	23	0	0	0	0	0	0	0
fsh-generated/resources/Measure-HIVIND95.json	3216	8	0	0	0	0	0	0	1	8	0	0	0	0	0	0	0	0	0	0	30	23	0	0	0	0	0	0	1
fsh-generated/resources/Measure-HIVIND96.json	3257	7	0	0	0	0	0	0	0	7	0	0	0	0	0	0	0	0	0	0	34	24	0	0	0	0	0	0	0
fsh-generated/resources/MedicationRequest-ExampleCurrentPrepRegimenPrescription.json	569	7	0	0	1	0	0	0	0	2	0	0	0	0	0	0	0	0	0	0	24	33	0	0	0	0	0	0	0
fsh-generated/resources/MedicationStatement-ExampleAltPepBackbonePrescription.json	560	8	0	0	0	0	0	0	0	1	0	0	0	0	0	0	0	0	0	0	23	31	0	0	0	0	0	0	0
fsh-generated/resources/MedicationStatement-ExampleAltThirdPepPrescription.json	551	7	0	0	0	0	0	0	0	1	0	0	0	0	0	0	0	0	0	0	23	29	0	0	0	0	0	0	0
fsh-generated/resources/MedicationStatement-ExampleHivOnArt.json	664	7	0	0	0	0	0	0	0	1	0	0	0	0	0	0	0	0	0	0	23	29	0	0	0	0	0	0	0
fsh-generated/resources/MedicationStatement-ExamplePreferredPepBackbonePrescription.json	564	7	0	0	0	0	0	0	0	1	0	0	0	0	0	0	0	0	0	0	24	28	0	0	0	0	0	0	0
fsh-generated/resources/MedicationStatement-ExamplePreferredThirdPepPrescription.json	553	8	0	0	0	0	0	0	0	0	0	0	0	0	0	0	0	0	0	0	23	30	0	0	0	0	0	0	0
fsh-generated/resources/MedicationStatement-ExamplePrepProductPrescription.json	507	7	0	0	0	0	0	0	0	1	0	0	0	0	0	0	0	0	0	0	23	29	0	0	0	0	0	0	0
fsh-generated/resources/Observation-ExampleCervicalCancerScreening.json	855	7	0	0	0	0	0	0	0	3	0	0	0	0	0	0	0	0	0	0	24	32	0	0	0	0	0	0	0
fsh-generated/resources/Observation-ExampleHcvTestObservation.json	931	7	0	0	0	0	0	0	0	1	0	0	0	0	0	0	0	0	0	0	26	28	0	0	0	0	0	0	0
fsh-generated/resources/Observation-ExampleHivKeyPopulation.json	929	8	0	0	0	0	0	0	0	0	0	0	0	0	0	0	0	0	0	0	24	28	0	0	0	0	0	0	0
fsh-generated/resources/Observation-ExampleHivPreventionIntervention.json	706	7	0	0	1	0	0	0	0	3	0	0	0	0	0	0	0	0	0	0	24	28	0	0	0	0	0	0	0
fsh-generated/resources/Observation-ExampleHivStatusPositiveObservation.json	689	7	0	0	0	0	0	0	0	1	0	0	0	0	0	0	0	0	0	0	24	27	0	0	0	0	0	0	0
fsh-generated/resources/Observation-ExampleHivTest.json	921	7	0	0	0	0	0	0	0	0	0	0	0	0	0	0	0	0	0	0	24	28	0	0	0	0	0	0	0
fsh-generated/resources/Patient-ExampleHivPatient.json	310	10	0	0	0	0	0	0	0	1	0	0	0	0	0	0	0	0	0	0	23	30	0	0	0	0	0	0	0
fsh-generated/resources/PlanDefinition-CareAndTreatmentClinicalVisit-PlanDefinition.json	10547	7	0	0	0	0	0	0	1	12	0	0	0	0	0	0	0	0	0	0	56	27	0	0	0	0	1	0	0
fsh-generated/resources/PlanDefinition-HIV-A-Registration-PlanDefinition.json	7549	8	0	0	0	0	0	0	0	9	0	0	0	0	0	0	0	0	0	0	38	26	0	0	0	0	0	0	0
fsh-generated/resources/PlanDefinition-HIV-Testing-PlanDefinition.json	12160	8	0	0	0	0	0	0	0	11	0	0	0	0	0	0	0	0	0	0	53	27	0	0	0	0	1	0	0
fsh-generated/resources/PlanDefinition-HIVB2DT.json	2011	7	0	0	0	0	0	0	0	12	0	0	0	0	0	0	0	0	0	0	33	24	0	0	0	0	0	0	0
fsh-generated/resources/PlanDefinition-HIVB9DT.json	14762	8	0	0	1	0	0	0	1	14	0	0	0	0	0	0	0	0	0	0	53	26	0	0	0	0	0	0	0
fsh-generated/resources/PlanDefinition-HIVC23DT.json	2698	7	0	0	0	0	0	0	0	12	0	0	0	0	0	0	0	0	0	0	35	23	0	0	0	0	1	0	0
fsh-generated/resources/PlanDefinition-HIVC7DT.json	2779	7	0	0	0	0	0	0	0	12	0	0	0	0	0	0	0	0	0	0	35	23	0	0	0	0	0	0	0
fsh-generated/resources/PlanDefinition-HIVD12DT.json	1611	8	0	0	0	0	0	0	0	11	0	0	0	0	0	0	0	0	0	0	31	23	0	0	0	0	0	0	0
fsh-generated/resources/PlanDefinition-HIVD15DT.json	1866	7	0	0	0	0	0	0	0	11	0	0	0	0	0	0	0	0	0	0	30	22	0	0	0	0	0	0	0
fsh-generated/resources/PlanDefinition-HIVD4DT.json	1588	7	0	0	0	0	0	0	0	12	0	0	0	0	0	0	0	0	0	0	30	23	0	0	0	0	0	0	0
fsh-generated/resources/PlanDefinition-PrEP-visit-PlanDefinition.json	9547	8	0	0	0	0	0	0	1	10	0	0	0	0	0	0	0	0	0	0	54	26	0	0	0	0	1	0	0
fsh-generated/resources/Practitioner-ExampleSurgeon.json	63	7	0	0	0	0	0	0	0	1	0	0	0	0	0	0	0	0	0	0	22	28	0	0	0	0	0	0	0
fsh-generated/resources/Procedure-ExampleHivInvasiveCervicalCancerTreatment.json	729	7	0	0	1	0	0	0	0	4	0	0	0	0	0	0	0	0	0	0	24	32	0	0	0	0	0	0	0
fsh-generated/resources/Procedure-HivVmmcProcedureExample.json	470	7	0	0	0	0	0	0	0	1	0	0	0	0	0	0	0	0	0	0	23	27	0	0	0	0	0	0	0
fsh-generated/resources/Questionnaire-HIV.A2GatherClientDetails.json	1659	8	0	0	0	0	0	0	0	25	0	0	0	0	0	0	0	0	0	0	43	30	0	0	0	0	1	0	0
fsh-generated/resources/Questionnaire-HIV.A5CreateNewClientRecord.json	5933	7	0	0	0	0	0	0	0	20	0	0	0	0	0	0	0	0	0	0	89	40	0	0	0	0	1	0	0
fsh-generated/resources/Questionnaire-HIV.A6.1ReviewSociodemographicDataWithClient.json	5999	8	0	0	0	0	0	0	1	30	0	0	0	0	0	0	0	0	0	0	87	34	0	0	0	0	2	0	0
fsh-generated/resources/Questionnaire-HIV.B18ProvideVoluntaryPartnerAndFamilyServices.json	1001	7	0	0	0	0	0	0	0	22	0	0	0	0	0	0	0	1	0	0	35	45	0	0	0	0	1	0	0
fsh-generated/resources/Questionnaire-HIV.B1DetermineReasonForVisit.json	2650	7	0	0	0	0	0	0	0	15	0	0	0	0	0	0	0	0	0	0	50	29	0	0	0	0	0	0	0
fsh-generated/resources/Questionnaire-HIV.B20ScheduleRetest.json	1800	9	0	0	0	0	0	0	0	14	0	0	0	0	0	0	0	0	0	0	44	30	0	0	0	0	1	0	0
fsh-generated/resources/Questionnaire-HIV.B21OfferPreventionOptions.json	2459	8	0	0	1	0	0	0	1	14	0	0	0	0	0	0	0	0	0	0	53	30	0	0	0	0	1	0	0
fsh-generated/resources/Questionnaire-HIV.B23OfferSexualAndReproductiveHealthServices.json	9625	8	0	0	0	0	0	0	1	22	0	0	0	0	0	0	0	0	0	0	120	41	0	0	0	0	2	0	0
fsh-generated/resources/Questionnaire-HIV.B6CaptureOrUpdateClientHistory.json	6498	7	0	0	0	0	0	0	0	17	0	0	0	0	0	0	0	0	0	0	90	39	0	0	0	0	2	0	0
fsh-generated/resources/Questionnaire-HIV.B7TestForHivUsingTestingAlgorithm.json	5096	7	0	0	0	0	0	0	0	15	0	0	0	0	0	0	0	0	0	0	75	42	0	0	0	0	2	0	0
fsh-generated/resources/Questionnaire-HIV.B8ProvidePostTestCounselling.json	1790	8	0	0	1	0	0	0	1	13	0	0	0	0	0	0	0	0	0	0	43	27	0	0	0	0	0	0	0
fsh-generated/resources/Questionnaire-HIV.B9DetermineRecommendedServices.json	3916	7	0	0	0	0	0	0	0	14	0	0	0	0	0	0	0	0	0	0	62	32	0	0	0	0	1	0	0
fsh-generated/resources/Questionnaire-HIV.C10CounselOnRiskAndPrevention.json	3093	7	0	0	0	0	0	0	0	14	0	0	0	0	0	0	0	0	0	0	54	27	0	0	0	0	1	0	0
fsh-generated/resources/Questionnaire-HIV.C17DetermineRecommendedTests.json	952	7	0	0	0	0	0	0	0	11	0	0	0	0	0	0	0	0	0	0	34	25	0	0	0	0	1	0	0
fsh-generated/resources/Questionnaire-HIV.C1DetermineReasonForVisit.json	1121	7	0	0	0	0	0	0	0	13	0	0	0	0	0	0	0	0	0	0	35	24	0	0	0	0	0	0	0
fsh-generated/resources/Questionnaire-HIV.C21Diagnostics.json	1049	8	0	0	1	0	0	0	0	12	0	0	0	0	0	0	0	0	0	0	36	25	0	0	0	0	1	0	0
fsh-generated/resources/Questionnaire-HIV.C23PrescribeOrAdministerPrepOrPep.json	5925	7	0	0	0	0	0	0	1	16	0	0	0	0	0	0	0	0	0	0	83	46	0	0	0	0	1	0	0
fsh-generated/resources/Questionnaire-HIV.C24ScheduleFollowUp.json	1330	7	0	0	0	0	0	0	0	12	0	0	0	0	0	0	0	0	0	0	38	26	0	0	0	0	1	0	0
fsh-generated/resources/Questionnaire-HIV.C3CaptureOrUpdateClientHistory.json	5343	8	0	0	0	0	0	0	0	20	0	0	0	0	0	0	0	0	0	0	76	31	0	0	0	0	2	0	0
fsh-generated/resources/Questionnaire-HIV.C6PostTestPackageOfServices.json	923	7	0	0	0	0	0	0	0	12	0	0	0	0	0	0	0	0	0	0	33	25	0	0	0	0	0	0	1
fsh-generated/resources/Questionnaire-HIV.C8SuitableForPrepOrPep.json	1071	7	0	0	0	0	0	0	0	12	0	0	0	0	0	0	0	0	0	0	37	25	0	0	0	0	0	0	0
fsh-generated/resources/Questionnaire-HIV.D10CounselReturningClient.json	2743	7	0	0	1	0	0	0	0	14	0	0	0	0	0	0	0	0	0	0	52	37	0	0	0	0	1	0	0
fsh-generated/resources/Questionnaire-HIV.D12DetermineRecommendedScreeningsAndTests.json	5201	8	0	0	0	0	0	0	1	24	0	0	0	0	0	0	0	0	0	0	74	31	0	0	0	0	2	0	0
fsh-generated/resources/Questionnaire-HIV.D14PreventScreenAndManageComorbiditiesAndCoinfections.json	1771	7	0	0	0	0	0	0	0	13	0	0	0	0	0	0	0	0	0	0	41	27	0	0	0	0	0	0	0
fsh-generated/resources/Questionnaire-HIV.D15DetermineClinicalStageOfHiv.json	1708	7	0	0	0	0	0	0	0	13	0	0	0	0	0	0	0	0	0	0	40	26	0	0	0	0	1	0	0
fsh-generated/resources/Questionnaire-HIV.D16PerformOtherScreenings.json	3999	7	0	0	0	0	0	0	0	14	0	0	0	0	0	0	0	0	0	0	63	29	0	0	0	0	1	0	0
fsh-generated/resources/Questionnaire-HIV.D17CheckForSignsOfTreatmentFailure.json	961	7	0	0	0	0	0	0	0	24	0	0	0	0	0	0	0	0	0	0	34	24	0	0	0	0	0	0	0
fsh-generated/resources/Questionnaire-HIV.D19AssessForVaccinePreventableDiseases.json	3243	8	0	0	0	0	0	0	0	14	0	0	0	0	0	0	0	1	0	0	57	28	0	0	0	0	1	0	0
fsh-generated/resources/Questionnaire-HIV.D1DetermineReasonForVisit.json	1376	7	0	0	0	0	0	0	1	13	0	0	0	0	0	0	0	0	0	0	38	25	0	0	0	0	1	0	0
fsh-generated/resources/Questionnaire-HIV.D20Diagnostics.json	14315	8	0	0	0	0	0	0	1	27	0	0	0	0	0	0	0	0	0	0	171	43	0	0	0	0	4	0	0
fsh-generated/resources/Questionnaire-HIV.D21DetermineRegimenAndTreatmentOptions.json	9626	7	0	0	0	0	0	0	0	18	0	0	0	0	0	0	0	0	0	0	116	35	0	0	0	0	2	0	0
fsh-generated/resources/Questionnaire-HIV.D23Prescribe.json	5533	8	0	0	1	0	0	0	1	15	0	0	0	0	0	0	0	0	0	0	82	31	0	0	0	0	2	0	0
fsh-generated/resources/Questionnaire-HIV.D24Counsel.json	5477	7	0	0	0	0	0	0	0	15	0	0	0	0	0	0	0	0	0	0	79	32	0	0	0	0	1	0	0
fsh-generated/resources/Questionnaire-HIV.D25OfferVoluntaryPartnerAndFamilyServices.json	3188	8	0	0	0	0	0	0	0	13	0	0	0	0	0	0	0	0	0	0	56	28	0	0	0	0	1	0	0
fsh-generated/resources/Questionnaire-HIV.D26OfferSexualAndReproductiveHealthServices.json	9625	7	0	0	0	0	0	0	1	17	0	0	0	0	0	0	0	0	0	0	120	36	0	0	0	0	3	0	0
fsh-generated/resources/Questionnaire-HIV.D28OfferOtherServices.json	9273	8	0	0	0	0	0	0	0	17	0	0	0	0	0	0	0	0	0	0	114	36	0	0	0	0	2	0	0
fsh-generated/resources/Questionnaire-HIV.D29ScheduleFollowUp.json	1993	7	0	0	0	0	0	0	0	13	0	0	0	0	0	0	0	0	0	0	45	26	0	0	0	0	1	0	0
fsh-generated/resources/Questionnaire-HIV.D2TakeVitalSigns.json	2725	7	0	0	1	0	0	0	1	14	0	0	0	0	0	0	0	0	0	0	53	27	0	0	0	0	1	0	0
fsh-generated/resources/Questionnaire-HIV.D3CheckForSignsOfSeriousIllness.json	1178	8	0	0	0	0	0	0	0	12	0	0	0	0	0	0	0	0	0	0	37	25	0	0	0	0	0	0	0
fsh-generated/resources/Questionnaire-HIV.D4ScreenForTb.json	4481	7	0	0	0	0	0	0	0	14	0	0	0	0	0	0	0	0	0	0	70	29	0	0	0	0	2	0	0
fsh-generated/resources/Questionnaire-HIV.D8CaptureOrUpdateClientHistory.json	17472	8	0	0	0	0	0	0	1	24	0	0	0	0	0	0	0	0	0	0	197	47	0	0	0	0	4	0	0
fsh-generated/resources/Questionnaire-HIV.E1CaptureOrUpdateMotherSHistory.json	16979	8	0	0	0	0	0	0	1	29	0	0	0	0	0	0	0	0	0	0	196	47	0	0	0	0	5	0	0
fsh-generated/resources/Questionnaire-HIV.E4TestMotherForHivUsingTestingAlgorithm.json	3659	7	0	0	0	0	0	0	1	22	0	0	0	0	0	0	0	0	0	0	59	30	0	0	0	0	1	0	0
fsh-generated/resources/Questionnaire-HIV.F12Prescribe.json	1771	8	0	0	0	0	0	0	0	13	0	0	0	0	0	0	0	0	0	0	42	27	0	0	0	0	0	0	0
fsh-generated/resources/Questionnaire-HIV.F16ImmediatelyStartInfantOnArt.json	905	7	0	0	1	0	0	0	0	11	0	0	0	0	0	0	0	0	0	0	34	25	0	0	0	0	1	0	0
fsh-generated/resources/Questionnaire-HIV.F20RecordInfantSChildSFinalHivDiagnosis.json	2202	7	0	0	0	0	0	0	0	13	0	0	0	0	0	0	0	0	0	0	45	27	0	0	0	0	0	0	0
fsh-generated/resources/Questionnaire-HIV.F2TakeVitalSigns.json	1038	7	0	0	0	0	0	0	0	12	0	0	0	0	0	0	0	0	0	0	36	25	0	0	0	0	1	0	0
fsh-generated/resources/Questionnaire-HIV.F3CaptureOrUpdateInfantSChildSHistory.json	4642	8	0	0	0	0	0	0	0	14	0	0	0	0	0	0	0	1	0	0	72	32	0	0	0	0	1	0	0
fsh-generated/resources/Questionnaire-HIV.F6CheckWhetherInfantChildHadHivExposure.json	1212	7	0	0	0	0	0	0	0	13	0	0	0	0	0	0	0	0	0	0	36	26	0	0	0	0	1	0	0
fsh-generated/resources/Questionnaire-HIV.F8TestInfantChildForHivUsingTestingAlgorithm.json	2414	7	0	0	0	0	0	0	1	12	0	0	0	0	0	0	0	0	0	0	48	27	0	0	0	0	0	0	0
fsh-generated/resources/Questionnaire-HIV.H1IdentifyClientForFollowUp.json	1143	7	0	0	0	0	0	0	0	12	0	0	0	0	0	0	0	0	0	0	35	25	0	0	0	0	1	0	0
fsh-generated/resources/Questionnaire-HIV.H2AttemptToLocateClient.json	1992	7	0	0	0	0	0	0	0	13	0	0	0	0	0	0	0	0	0	0	45	26	0	0	0	0	0	0	0
fsh-generated/resources/Questionnaire-HIV.H3RecordOutreachAndResult.json	4985	8	0	0	1	0	0	0	0	15	0	0	0	0	0	0	0	0	0	0	76	30	0	0	0	0	2	0	0
fsh-generated/resources/Questionnaire-HIV.HFollowingUpAndContactingClients.json	1164	7	0	0	0	0	0	0	0	12	0	0	0	0	0	0	0	0	0	0	37	25	0	0	0	0	0	0	0
fsh-generated/resources/Questionnaire-HIV.I1EmergencyReferral.json	854	7	0	0	0	0	0	0	0	12	0	0	0	0	0	0	0	0	0	0	34	24	0	0	0	0	1	0	0
fsh-generated/resources/Questionnaire-HIV.I6ProvideInformationToReferralFacility.json	3096	8	0	0	0	0	0	0	0	15	0	0	0	0	0	0	0	0	0	0	58	27	0	0	0	0	1	0	0
fsh-generated/resources/Requirements-HIV.A.Registration.json	5656	7	0	0	0	0	0	0	1	31	0	0	0	0	0	0	0	0	0	0	47	38	0	0	0	0	1	0	1
fsh-generated/resources/Requirements-HIV.B.HIVtestingservices.json	3453	7	0	0	0	0	0	0	0	22	0	0	0	0	0	0	0	0	0	0	39	37	0	0	0	0	0	0	0
fsh-generated/resources/Requirements-HIV.C.PrEPvisit.json	1472	8	0	0	0	0	0	0	0	13	0	0	0	0	0	0	0	0	0	0	30	35	0	0	0	0	0	0	0
fsh-generated/resources/Requirements-HIV.D.Careandtreatmentclinicalvisit.json	1723	7	0	0	0	0	0	0	0	12	0	0	0	0	0	0	0	0	0	0	30	36	0	0	0	0	1	0	0
fsh-generated/resources/Requirements-HIV.G.Diagnostics.json	349	7	0	0	0	0	0	0	0	11	0	0	0	0	0	0	0	0	0	0	25	34	0	0	0	0	0	0	0
fsh-generated/resources/Requirements-HIV.H.Followingupandcontactingclients.json	982	7	0	0	0	0	0	0	0	12	0	0	0	0	0	0	0	0	0	0	27	35	0	0	0	0	0	0	0
fsh-generated/resources/Requirements-HIV.I.Referral.json	1657	7	0	0	1	0	0	0	0	12	0	0	0	0	0	0	0	0	0	0	30	36	0	0	0	0	0	0	0
fsh-generated/resources/Requirements-HIV.J.Aggregatereportinganddatause.json	986	8	0	0	0	0	0	0	0	12	0	0	0	0	0	0	0	0	0	0	27	35	0	0	0	0	0	0	0
fsh-generated/resources/Requirements-HIVNonFunctionalRequirements.json	11719	7	0	0	0	0	0	0	0	30	0	0	0	0	0	0	0	0	0	0	81	42	0	0	0	0	2	0	0
fsh-generated/resources/StructureDefinition-ChildDeliveryObservation.json	2069	8	0	68	0	0	0	0	1	36	0	0	1	0	0	0	0	0	0	0	161	2439	0	0	0	0	6	1	1
fsh-generated/resources/StructureDefinition-HIVARegistration.json	18099	8	0	48	0	0	0	0	0	39	0	0	0	0	0	0	0	1	0	0	131	282	0	0	0	0	3	0	0
fsh-generated/resources/StructureDefinition-HIVBHTSvisit.json	74331	11	0	82	0	0	0	0	0	59	0	0	1	0	0	0	0	1	0	0	457	474	0	0	1	0	14	0	1
fsh-generated/resources/StructureDefinition-HIVCPrEPvisit.json	40522	9	0	72	0	0	0	0	0	34	0	0	0	0	0	0	0	0	0	0	261	292	0	0	0	0	7	0	0
fsh-generated/resources/StructureDefinition-HIVConfiguration.json	13929	8	0	40	0	0	0	0	0	22	0	0	0	0	0	0	0	0	0	0	103	155	0	0	0	0	3	0	0
fsh-generated/resources/StructureDefinition-HIVDCareTreatment.json	198974	16	0	116	0	0	0	0	0	133	0	0	1	0	0	0	0	3	0	0	1221	875	0	0	1	0	36	0	2
fsh-generated/resources/StructureDefinition-HIVDHIVTB.json	23459	9	0	42	0	0	0	0	0	38	0	0	0	0	0	0	0	0	0	0	162	173	0	0	0	0	5	0	0
fsh-generated/resources/StructureDefinition-HIVEPMTCT.json	77678	11	0	51	0	0	0	0	0	58	0	0	0	0	0	0	0	1	0	0	476	658	0	0	0	0	18	0	1
fsh-generated/resources/StructureDefinition-HIVGDiagnostics.json	23950	9	0	33	1	0	0	0	0	29	0	0	0	0	0	0	0	1	0	0	166	270	0	0	0	0	4	0	1
fsh-generated/resources/StructureDefinition-HIVHFollowup.json	18238	8	0	19	0	0	0	0	0	29	0	0	1	0	0	0	0	0	0	0	131	249	0	0	0	0	3	0	0
fsh-generated/resources/StructureDefinition-HIVIReferral.json	8164	7	0	13	0	0	0	0	0	17	0	0	0	0	0	0	0	0	0	0	72	186	0	0	0	0	1	0	0
fsh-generated/resources/StructureDefinition-HIVPrevention.json	12325	8	0	14	0	0	0	0	0	17	0	0	0	0	0	0	0	0	0	0	95	206	0	0	0	0	2	0	0
fsh-generated/resources/StructureDefinition-HIVSurveillance.json	1382	7	0	10	0	0	0	0	0	13	0	0	0	0	0	0	0	0	0	0	33	134	0	0	0	0	1	0	0
fsh-generated/resources/StructureDefinition-HcvViralLoadTest.json	1333	8	0	73	0	0	0	0	0	37	0	0	0	0	0	0	0	1	0	0	144	409	0	0	0	0	5	1	0
fsh-generated/resources/StructureDefinition-HivAltPepBackbonePrescription.json	1242	7	0	35	0	0	0	0	0	25	0	0	0	0	0	0	0	0	0	0	142	391	0	0	0	0	4	0	1
fsh-generated/resources/StructureDefinition-HivAltThirdPepPrescription.json	1240	7	0	37	0	0	0	0	0	19	0	0	0	0	0	0	0	1	0	0	146	358	0	0	0	0	5	0	0
fsh-generated/resources/StructureDefinition-HivAncEncounter.json	856	7	0	69	0	0	0	0	0	26	0	0	0	0	0	0	0	0	0	0	151	410	0	0	0	0	4	0	1
fsh-generated/resources/StructureDefinition-HivAntiRetroviralEpisode.json	1101	7	0	23	0	0	0	0	0	18	0	0	0	0	0	0	0	1	0	0	93	221	0	0	0	0	3	0	0
fsh-generated/resources/StructureDefinition-HivAntiRetroviralTreatment.json	1590	7	0	22	0	0	0	0	0	45	0	0	0	0	0	0	0	0	0	0	89	212	0	0	0	0	2	0	0
fsh-generated/resources/StructureDefinition-HivCervicalCancerScreening.json	1374	8	0	36	1	0	0	0	0	18	0	0	0	0	0	0	0	0	0	0	139	296	0	0	0	0	5	0	1
fsh-generated/resources/StructureDefinition-HivCondition.json	829	7	0	42	0	0	0	0	0	16	0	0	0	0	0	0	0	1	0	0	103	245	0	0	0	0	3	0	0
fsh-generated/resources/StructureDefinition-HivCurrentPrepRegimenPrescription.json	1250	7	0	41	0	0	0	0	0	18	0	0	0	0	0	0	0	0	0	0	141	224	0	0	0	0	5	0	0
fsh-generated/resources/StructureDefinition-HivElevatedHivAcquisitionRiskCondition.json	983	7	0	19	0	0	0	0	0	16	0	0	0	0	0	0	0	1	0	0	103	167	0	0	0	0	2	0	1
fsh-generated/resources/StructureDefinition-HivElevatedRiskForAcquisition.json	1422	7	0	52	0	0	0	0	0	19	0	0	1	0	0	0	0	0	0	0	115	1975	0	0	0	0	5	0	0
fsh-generated/resources/StructureDefinition-HivEncounter.json	836	7	0	0	0	0	0	0	0	19	0	0	0	0	0	0	0	1	0	0	151	218	0	0	0	0	5	0	1
fsh-generated/resources/StructureDefinition-HivGonorhoeaTest.json	1339	8	0	21	0	0	0	0	0	19	0	0	0	0	0	0	0	0	0	0	147	219	0	0	0	0	5	0	0
fsh-generated/resources/StructureDefinition-HivGonorrhoeaTreatment.json	1681	7	0	37	0	0	0	0	0	17	0	0	0	0	0	0	0	0	0	0	98	147	0	0	0	0	3	0	0
fsh-generated/resources/StructureDefinition-HivHBsAgTest.json	1390	7	0	30	0	0	0	0	0	19	0	0	0	0	0	0	0	1	0	0	147	241	0	0	0	0	5	0	1
fsh-generated/resources/StructureDefinition-HivHBsAgTestD.json	1395	8	0	36	0	0	1	0	0	19	0	0	0	0	0	0	0	0	0	0	148	261	0	0	1	0	4	1	0
fsh-generated/resources/StructureDefinition-HivHcvTest.json	1376	7	0	33	0	0	0	0	0	21	0	0	0	0	0	0	0	1	0	0	149	224	0	0	0	0	5	0	1
fsh-generated/resources/StructureDefinition-HivHcvTestD.json	1377	7	0	33	1	0	0	0	0	24	0	0	0	0	0	0	0	0	0	0	148	223	0	0	0	0	5	0	0
fsh-generated/resources/StructureDefinition-HivHcvTreatment.json	1570	7	0	22	0	0	0	0	0	15	0	0	0	0	0	0	0	1	0	0	90	141	0	0	0	0	3	0	0
fsh-generated/resources/StructureDefinition-HivHcvViralLoadTest.json	1387	7	0	19	0	0	0	0	0	19	0	0	0	0	0	0	0	0	0	0	146	219	0	0	0	0	5	0	1
fsh-generated/resources/StructureDefinition-HivHivTest.json	1077	7	0	21	0	0	0	0	0	29	0	0	0	0	0	0	0	0	0	0	145	222	0	0	0	0	5	0	0
fsh-generated/resources/StructureDefinition-HivHtsVisit.json	836	8	0	22	0	0	0	0	0	19	0	0	0	0	0	0	0	1	0	0	150	226	0	0	0	0	4	0	1
fsh-generated/resources/StructureDefinition-HivInfantPatient.json	864	7	0	58	0	0	0	0	0	18	0	0	0	0	0	0	0	1	0	0	130	237	0	0	0	0	4	0	0
fsh-generated/resources/StructureDefinition-HivInvasiveCervicalCancerDiagnosis.json	1062	7	0	26	0	0	0	0	0	17	0	0	1	0	0	0	0	0	0	0	105	165	0	0	0	0	3	0	0
fsh-generated/resources/StructureDefinition-HivInvasiveCervicalCancerTreatment.json	1062	7	0	30	0	0	0	0	0	18	0	0	0	0	0	0	0	0	0	0	116	178	0	0	0	0	4	0	1
fsh-generated/resources/StructureDefinition-HivKeyPopulation.json	1765	8	0	36	0	0	0	0	0	20	0	0	0	0	0	0	0	1	0	0	155	208	0	0	0	0	5	1	0
fsh-generated/resources/StructureDefinition-HivLabTestObservation.json	2048	7	0	0	0	0	0	0	0	23	0	0	0	0	0	0	0	0	0	0	158	215	0	0	0	0	5	0	1
fsh-generated/resources/StructureDefinition-HivLabTestServiceRequest.json	1358	7	0	31	1	0	0	0	0	17	0	0	0	0	0	0	0	1	0	0	120	211	0	0	0	0	4	0	0
fsh-generated/resources/StructureDefinition-HivLabTestSpecimen.json	851	7	0	29	0	0	0	0	0	17	0	0	0	0	0	0	0	0	0	0	109	291	0	0	0	0	3	0	0
fsh-generated/resources/StructureDefinition-HivMother.json	841	8	0	20	0	0	0	0	0	18	0	0	0	0	0	0	0	1	0	0	130	245	0	0	0	0	4	0	1
fsh-generated/resources/StructureDefinition-HivOamTreatment.json	913	7	0	23	0	0	0	0	0	151	0	0	0	0	0	0	0	0	0	0	82	138	0	0	0	0	2	0	0
fsh-generated/resources/StructureDefinition-HivOnArt.json	1481	7	0	22	0	0	0	0	0	31	0	0	0	0	0	0	0	0	0	0	93	134	0	0	0	0	3	0	0
fsh-generated/resources/StructureDefinition-HivPatient.json	1337	8	0	0	0	0	0	0	0	30	0	0	0	0	0	0	0	1	0	0	139	208	0	0	0	0	4	0	1
fsh-generated/resources/StructureDefinition-HivPepBackboneAlternativeTreatment.json	1277	7	0	37	0	0	0	0	0	15	0	0	0	0	0	0	0	0	0	0	86	128	0	0	0	0	3	0	0
fsh-generated/resources/StructureDefinition-HivPepBackbonePreferredTreatment.json	1268	7	0	14	0	0	0	0	0	15	0	0	0	0	0	0	0	0	0	0	84	127	0	0	0	0	2	0	0
fsh-generated/resources/StructureDefinition-HivPepThirdAlternativeTreatment.json	1278	7	0	16	0	0	0	0	0	15	0	0	0	0	0	0	0	1	0	0	84	129	0	0	0	0	2	0	0
fsh-generated/resources/StructureDefinition-HivPepThirdPreferredTreatment.json	1267	8	0	15	0	0	0	0	0	16	0	0	0	0	0	0	0	0	0	0	84	126	0	0	0	0	3	0	0
fsh-generated/resources/StructureDefinition-HivPregnancyCondition.json	886	8	0	15	1	0	0	0	0	16	0	0	0	0	0	0	0	0	0	0	103	172	0	0	0	0	3	0	1
fsh-generated/resources/StructureDefinition-HivPrepTreatment.json	1541	7	0	15	0	0	0	0	0	16	0	0	0	0	0	0	0	0	0	0	95	132	0	0	0	0	2	1	0
fsh-generated/resources/StructureDefinition-HivPreventionIntervention.json	1610	7	0	35	0	0	0	0	0	20	0	0	0	0	0	0	0	1	0	0	152	209	0	0	0	0	5	0	0
fsh-generated/resources/StructureDefinition-HivStatusCondition.json	1581	7	0	32	0	0	0	0	0	22	0	0	0	0	0	0	0	0	0	0	117	163	0	0	0	0	4	0	1
fsh-generated/resources/StructureDefinition-HivStatusObservation.json	1438	8	0	38	0	0	0	0	0	20	0	0	0	0	0	0	0	1	0	0	147	205	0	0	0	0	5	0	0
fsh-generated/resources/StructureDefinition-HivStiServices.json	812	7	0	32	0	0	0	0	0	17	0	0	0	0	0	0	0	0	0	0	114	171	0	0	0	0	3	0	0
fsh-generated/resources/StructureDefinition-HivSyndromeStiDiagnosis.json	1116	7	0	15	0	0	0	0	0	16	0	0	0	0	0	0	0	0	0	0	106	163	0	0	0	0	3	0	1
fsh-generated/resources/StructureDefinition-HivTreatment.json	940	8	0	55	0	0	0	0	0	34	0	0	0	0	0	0	0	1	0	0	138	187	0	0	0	0	5	0	0
fsh-generated/resources/StructureDefinition-HivTreatmentMedicationRequest.json	1208	7	0	0	0	0	0	0	0	35	0	0	1	0	0	0	0	0	0	0	140	187	0	0	0	0	4	0	1
fsh-generated/resources/StructureDefinition-HivTreatmentMedicationStatement.json	967	7	0	0	1	0	0	0	0	31	0	0	0	0	0	0	0	1	0	0	81	128	0	0	0	0	2	0	0
fsh-generated/resources/StructureDefinition-HivTreatmentProcedure.json	876	7	0	33	0	0	0	0	0	32	0	0	0	0	0	0	0	0	0	0	113	163	0	0	0	0	4	0	0
fsh-generated/resources/StructureDefinition-HivVmmcAdverseEvent.json	1438	7	0	63	0	0	0	0	0	31	0	0	0	0	0	0	0	0	0	0	102	154	0	0	0	0	3	0	0
fsh-generated/resources/StructureDefinition-HivVmmcProcedure.json	1273	8	0	28	0	0	0	0	0	23	0	0	0	0	0	0	0	1	0	0	125	174	0	0	0	0	3	0	1
fsh-generated/resources/ValueSet-HIV.A.DE13.json	786	7	0	0	0	0	0	0	0	77	0	0	0	0	0	0	0	0	0	0	24	165	0	0	0	0	1	0	0
fsh-generated/resources/ValueSet-HIV.A.DE18.json	1178	7	0	0	0	0	0	0	0	14	0	0	0	0	0	0	0	0	0	0	25	94	0	0	0	0	0	0	0
fsh-generated/resources/ValueSet-HIV.A.DE25.json	986	7	0	0	0	0	0	0	1	11	0	0	0	0	0	0	0	0	0	0	25	80	0	0	0	0	0	0	0
fsh-generated/resources/ValueSet-HIV.A.DE30.json	1774	8	0	0	0	0	0	0	0	17	0	0	0	0	0	0	0	0	0	0	27	139	0	0	0	0	0	0	0
fsh-generated/resources/ValueSet-HIV.A.DE43.json	1377	7	0	0	0	0	0	0	0	11	0	0	0	0	0	0	0	0	0	0	29	70	0	0	0	0	1	0	0
fsh-generated/resources/ValueSet-HIV.A.DE46.json	968	7	0	0	0	0	0	0	0	16	0	0	0	0	0	0	0	0	0	0	29	77	0	0	0	0	0	0	0
fsh-generated/resources/ValueSet-HIV.A.DE5.json	898	7	0	0	0	0	0	0	0	12	0	0	0	0	0	0	0	0	0	0	25	76	0	0	0	0	0	0	0
fsh-generated/resources/ValueSet-HIV.B.DE1.json	1042	8	0	0	1	0	0	0	0	11	0	0	0	0	0	0	0	0	0	0	25	76	0	0	0	0	0	0	0
fsh-generated/resources/ValueSet-HIV.B.DE102.json	1049	7	0	0	0	0	0	0	0	13	0	0	0	0	0	0	0	0	0	0	25	72	0	0	0	0	0	0	0
fsh-generated/resources/ValueSet-HIV.B.DE106.json	1067	7	0	0	0	0	0	0	0	12	0	0	0	0	0	0	0	0	0	0	25	52	0	0	0	0	0	0	0
fsh-generated/resources/ValueSet-HIV.B.DE111.json	1058	8	0	0	0	0	0	0	0	12	0	0	0	0	0	0	0	0	0	0	25	47	0	0	0	0	1	0	0
fsh-generated/resources/ValueSet-HIV.B.DE115.json	1108	7	0	0	0	0	0	0	0	12	0	0	0	0	0	0	0	0	0	0	24	47	0	0	0	0	0	0	0
fsh-generated/resources/ValueSet-HIV.B.DE120.json	855	7	0	0	0	0	0	0	0	11	0	0	0	0	0	0	0	0	0	0	24	41	0	0	0	0	0	0	0
fsh-generated/resources/ValueSet-HIV.B.DE121.json	1499	8	0	0	0	0	0	0	0	12	0	0	0	0	0	0	0	0	0	0	26	53	0	0	0	0	0	0	0
fsh-generated/resources/ValueSet-HIV.B.DE132.json	1045	7	0	0	0	0	0	0	0	12	0	0	0	0	0	0	0	0	0	0	25	55	0	0	0	0	0	0	0
fsh-generated/resources/ValueSet-HIV.B.DE136.json	1100	7	0	0	1	0	0	0	0	11	0	0	0	0	0	0	0	0	0	0	25	72	0	0	0	0	0	0	0
fsh-generated/resources/ValueSet-HIV.B.DE142.json	1518	7	0	0	0	0	0	0	0	23	0	0	0	0	0	0	0	0	0	0	26	69	0	0	0	0	1	0	0
fsh-generated/resources/ValueSet-HIV.B.DE149.json	2002	8	0	0	0	0	0	0	0	23	0	0	0	0	0	0	0	0	0	0	28	83	0	0	0	0	0	0	0
fsh-generated/resources/ValueSet-HIV.B.DE15.json	974	7	0	0	0	0	0	0	1	15	0	0	0	0	0	0	0	0	0	0	25	71	0	0	0	0	0	0	0
fsh-generated/resources/ValueSet-HIV.B.DE158.json	1551	7	0	0	0	0	0	0	0	12	0	0	0	0	0	0	0	0	0	0	26	75	0	0	0	0	0	0	0
fsh-generated/resources/ValueSet-HIV.B.DE165.json	1700	7	0	0	0	0	0	0	0	12	0	0	0	0	0	0	0	0	0	0	27	49	0	0	0	0	0	0	0
fsh-generated/resources/ValueSet-HIV.B.DE172.json	1382	7	0	0	0	0	0	0	0	12	0	0	0	0	0	0	0	0	0	0	26	51	0	0	0	0	1	0	0
fsh-generated/resources/ValueSet-HIV.B.DE179.json	1229	7	0	0	0	0	0	0	0	13	0	0	0	0	0	0	0	0	0	0	25	47	0	0	0	0	0	0	0
fsh-generated/resources/ValueSet-HIV.B.DE18.json	1205	8	0	0	0	0	0	0	0	23	0	0	0	0	0	0	0	0	0	0	25	54	0	0	0	0	0	0	0
fsh-generated/resources/ValueSet-HIV.B.DE191.json	954	7	0	0	1	0	0	0	0	15	0	0	0	0	0	0	0	0	0	0	25	69	0	0	0	0	0	0	0
fsh-generated/resources/ValueSet-HIV.B.DE201.json	987	7	0	0	0	0	0	0	0	12	0	0	0	0	0	0	0	0	0	0	26	45	0	0	0	0	0	0	0
fsh-generated/resources/ValueSet-HIV.B.DE204.json	965	7	0	0	0	0	0	0	0	12	0	0	0	0	0	0	0	0	0	0	24	52	0	0	0	0	0	0	0
fsh-generated/resources/ValueSet-HIV.B.DE207.json	2333	7	0	0	0	0	0	0	0	13	0	0	0	0	0	0	0	0	0	0	28	65	0	0	0	0	1	0	0
fsh-generated/resources/ValueSet-HIV.B.DE22.json	1503	7	0	0	0	0	0	0	0	12	0	0	0	0	0	0	0	0	0	0	27	68	0	0	0	0	0	0	0
fsh-generated/resources/ValueSet-HIV.B.DE226.json	1493	8	0	0	0	0	0	0	0	12	0	0	0	0	0	0	0	0	0	0	26	79	0	0	0	0	0	0	0
fsh-generated/resources/ValueSet-HIV.B.DE237.json	1767	7	0	0	0	0	0	0	0	13	0	0	0	0	0	0	0	0	0	0	27	74	0	0	0	0	0	0	0
fsh-generated/resources/ValueSet-HIV.B.DE250.json	1012	7	0	0	0	0	0	0	0	13	0	0	0	0	0	0	0	0	0	0	25	48	0	0	0	0	0	0	0
fsh-generated/resources/ValueSet-HIV.B.DE256.json	1016	7	0	0	0	0	0	0	0	12	0	0	0	0	0	0	0	0	0	0	25	47	1	0	0	0	1	0	0
fsh-generated/resources/ValueSet-HIV.B.DE261.json	1318	8	0	0	1	0	0	0	1	12	0	0	0	0	0	0	0	0	0	0	26	47	0	0	0	0	0	0	0
fsh-generated/resources/ValueSet-HIV.B.DE269.json	1232	7	0	0	0	0	0	0	0	13	0	0	0	0	0	0	0	0	0	0	25	44	0	0	0	0	0	0	0
fsh-generated/resources/ValueSet-HIV.B.DE276.json	1230	7	0	0	0	0	0	0	0	12	0	0	0	0	0	0	0	0	0	0	25	46	0	0	0	0	0	0	0
fsh-generated/resources/ValueSet-HIV.B.DE284.json	1321	7	0	0	0	0	0	0	0	15	0	0	0	0	0	0	0	0	0	0	25	47	0	0	0	0	0	0	0
fsh-generated/resources/ValueSet-HIV.B.DE293.json	1230	7	0	0	0	0	0	0	0	13	0	0	0	0	0	0	0	0	0	0	26	60	0	0	0	0	0	0	0
fsh-generated/resources/ValueSet-HIV.B.DE301.json	1056	7	0	0	0	0	0	0	0	12	0	0	0	0	0	0	0	0	0	0	30	51	0	0	0	0	1	0	0
fsh-generated/resources/ValueSet-HIV.B.DE306.json	1043	7	0	0	0	0	0	0	0	13	0	0	0	0	0	0	0	0	0	0	25	53	0	0	0	0	0	0	0
fsh-generated/resources/ValueSet-HIV.B.DE312.json	1002	8	0	0	0	0	0	0	0	13	0	0	0	0	0	0	0	0	0	0	25	70	0	0	0	0	0	0	0
fsh-generated/resources/ValueSet-HIV.B.DE317.json	1230	7	0	0	0	0	0	0	0	12	0	0	0	0	0	0	0	0	0	0	25	72	0	0	0	0	0	0	0
fsh-generated/resources/ValueSet-HIV.B.DE325.json	1028	7	0	0	0	0	0	0	0	13	0	0	0	0	0	0	0	0	0	0	25	60	0	0	0	0	0	0	0
fsh-generated/resources/ValueSet-HIV.B.DE33.json	1032	7	0	0	1	0	0	0	0	12	0	0	0	0	0	0	0	0	0	0	26	63	0	0	0	0	0	0	0
fsh-generated/resources/ValueSet-HIV.B.DE37.json	1357	7	0	0	0	0	0	0	0	11	0	0	0	0	0	0	0	0	0	0	26	54	0	0	0	0	1	0	0
fsh-generated/resources/ValueSet-HIV.B.DE44.json	1033	7	0	0	0	0	0	0	0	12	0	0	0	0	0	0	0	0	0	0	25	54	0	0	0	0	0	0	0
fsh-generated/resources/ValueSet-HIV.B.DE5.json	1100	7	0	0	0	0	0	0	0	11	0	0	0	0	0	0	0	0	0	0	25	42	0	0	0	0	0	0	0
fsh-generated/resources/ValueSet-HIV.B.DE50.json	1325	8	0	0	0	0	0	0	0	11	0	0	0	0	0	0	0	0	0	0	26	43	0	0	0	0	0	0	0
fsh-generated/resources/ValueSet-HIV.B.DE61.json	1060	7	0	0	0	0	0	0	1	11	0	0	0	0	0	0	0	0	0	0	24	41	0	0	0	0	0	0	0
fsh-generated/resources/ValueSet-HIV.B.DE66.json	810	7	0	0	0	0	0	0	0	10	0	0	0	0	0	0	0	0	0	0	24	36	0	0	0	0	0	0	0
fsh-generated/resources/ValueSet-HIV.B.DE68.json	895	7	0	0	0	0	0	0	0	11	0	0	0	0	0	0	0	0	0	0	24	39	0	0	0	0	0	0	0
fsh-generated/resources/ValueSet-HIV.B.DE74.json	1205	7	0	0	0	0	0	0	0	12	0	0	0	0	0	0	0	0	0	0	26	43	0	0	0	0	1	0	0
fsh-generated/resources/ValueSet-HIV.B.DE8.json	1227	7	0	0	1	0	0	0	0	12	0	0	0	0	0	0	0	0	0	0	25	62	0	0	0	0	0	0	0
fsh-generated/resources/ValueSet-HIV.B.DE81.json	1264	8	0	0	0	0	0	0	0	11	0	0	0	0	0	0	0	0	0	0	26	48	0	0	0	0	0	0	0
fsh-generated/resources/ValueSet-HIV.B.DE88.json	1246	7	0	0	0	0	0	0	0	13	0	0	0	0	0	0	0	0	0	0	25	50	0	0	0	0	0	0	0
fsh-generated/resources/ValueSet-HIV.B.DE94.json	1043	7	0	0	0	0	0	0	0	11	0	0	0	0	0	0	0	0	0	0	25	44	0	0	0	0	0	0	0
fsh-generated/resources/ValueSet-HIV.B.DE98.json	1046	7	0	0	0	0	0	0	0	11	0	0	0	0	0	0	0	0	0	0	25	52	0	0	0	0	1	0	0
fsh-generated/resources/ValueSet-HIV.C.DE1.json	1290	7	0	0	0	0	0	0	0	12	0	0	0	0	0	0	0	0	0	0	26	72	0	0	0	0	0	0	0
fsh-generated/resources/ValueSet-HIV.C.DE101.json	1099	7	0	0	0	0	0	0	0	12	0	0	0	0	0	0	0	0	0	0	25	41	0	0	0	0	0	0	0
fsh-generated/resources/ValueSet-HIV.C.DE107.json	1222	7	0	0	0	0	0	0	0	12	0	0	0	0	0	0	0	0	0	0	24	38	0	0	0	0	0	0	0
fsh-generated/resources/ValueSet-HIV.C.DE11.json	1088	8	0	0	0	0	0	0	0	12	0	0	0	0	0	0	0	0	0	0	25	40	0	0	0	0	0	0	0
fsh-generated/resources/ValueSet-HIV.C.DE112.json	1526	7	0	0	0	0	0	0	0	12	0	0	0	0	0	0	0	1	0	0	27	58	0	0	0	0	0	0	0
fsh-generated/resources/ValueSet-HIV.C.DE122.json	791	7	0	0	1	0	0	0	0	11	0	0	0	0	0	0	0	0	0	0	23	36	0	0	0	0	1	0	0
fsh-generated/resources/ValueSet-HIV.C.DE125.json	1070	7	0	0	0	0	0	0	0	11	0	0	0	0	0	0	0	0	0	0	25	44	0	0	0	0	0	0	0
fsh-generated/resources/ValueSet-HIV.C.DE131.json	1311	7	0	0	0	0	0	0	0	14	0	0	0	0	0	0	0	0	0	0	26	45	0	0	0	0	0	0	0
fsh-generated/resources/ValueSet-HIV.C.DE138.json	921	7	0	0	0	0	0	0	1	11	0	0	0	0	0	0	0	0	0	0	25	42	0	0	0	0	0	0	0
fsh-generated/resources/ValueSet-HIV.C.DE143.json	1310	8	0	0	0	0	0	0	0	11	0	0	0	0	0	0	0	0	0	0	26	48	0	0	0	0	0	0	0
fsh-generated/resources/ValueSet-HIV.C.DE149.json	1512	7	0	0	0	0	0	0	0	12	0	0	0	0	0	0	0	0	0	0	27	46	0	0	0	0	0	0	0
fsh-generated/resources/ValueSet-HIV.C.DE157.json	1679	7	0	0	0	0	0	0	0	19	0	0	0	0	0	0	0	0	0	0	27	44	0	0	0	0	1	0	0
fsh-generated/resources/ValueSet-HIV.C.DE164.json	1382	7	0	0	0	0	0	0	0	12	0	0	0	0	0	0	0	0	0	0	26	43	0	0	0	0	0	0	0
fsh-generated/resources/ValueSet-HIV.C.DE17.json	1330	7	0	0	0	0	0	0	0	12	0	0	0	0	0	0	0	0	0	0	27	50	0	0	0	0	0	0	0
fsh-generated/resources/ValueSet-HIV.C.DE24.json	1069	7	0	0	0	0	0	0	0	11	0	0	0	0	0	0	0	0	0	0	25	38	0	0	0	0	0	0	0
fsh-generated/resources/ValueSet-HIV.C.DE31.json	966	8	0	0	0	0	0	0	0	12	0	0	0	0	0	0	0	0	0	0	25	39	0	0	0	0	0	0	1
fsh-generated/resources/ValueSet-HIV.C.DE36.json	1308	7	0	0	1	0	0	0	0	11	0	0	0	0	0	0	0	0	0	0	26	44	0	0	0	0	0	0	0
fsh-generated/resources/ValueSet-HIV.C.DE41.json	1290	7	0	0	0	0	0	0	0	11	0	0	0	0	0	0	0	0	0	0	25	45	0	0	0	0	1	0	0
fsh-generated/resources/ValueSet-HIV.C.DE46.json	1500	7	0	0	0	0	0	0	0	12	0	0	0	0	0	0	0	0	0	0	28	60	0	0	0	0	0	0	0
fsh-generated/resources/ValueSet-HIV.C.DE55.json	1395	7	0	0	0	0	0	0	0	11	0	0	0	0	0	0	0	0	0	0	27	61	0	0	0	0	0	0	0
fsh-generated/resources/ValueSet-HIV.C.DE63.json	1570	8	0	0	0	0	0	0	0	11	0	0	0	0	0	0	0	0	0	0	27	45	0	0	0	0	0	0	0
fsh-generated/resources/ValueSet-HIV.C.DE75.json	1042	7	0	0	0	0	0	0	0	12	0	0	0	0	0	0	0	0	0	0	26	43	0	0	0	0	0	0	0
fsh-generated/resources/ValueSet-HIV.C.DE80.json	1133	7	0	0	0	0	0	0	0	11	0	0	0	0	0	0	0	0	0	0	25	42	0	0	0	0	1	0	0
fsh-generated/resources/ValueSet-HIV.C.DE91.json	1024	7	0	0	0	0	0	0	0	11	0	0	0	0	0	0	0	0	0	0	25	43	0	0	0	0	0	0	0
fsh-generated/resources/ValueSet-HIV.C.DE95.json	1028	8	0	0	0	0	0	0	1	10	0	0	0	0	0	0	0	0	0	0	25	38	0	0	0	0	0	0	0
fsh-generated/resources/ValueSet-HIV.C.DE99.json	819	7	0	0	1	0	0	0	0	11	0	0	0	0	0	0	0	0	0	0	24	35	0	0	0	0	0	0	0
fsh-generated/resources/ValueSet-HIV.Config.DE12.json	1176	7	0	0	0	0	0	0	0	13	0	0	0	0	0	0	0	0	0	0	26	37	0	0	0	0	0	0	0
fsh-generated/resources/ValueSet-HIV.Config.DE19.json	867	7	0	0	0	0	0	0	0	11	0	0	0	0	0	0	0	0	0	0	24	35	0	0	0	0	0	0	0
fsh-generated/resources/ValueSet-HIV.D.DE1.json	1449	7	0	0	0	0	0	0	0	12	0	0	0	0	0	0	0	0	0	0	27	44	0	0	0	0	1	0	0
fsh-generated/resources/ValueSet-HIV.D.DE1002.json	1340	7	0	0	0	0	0	0	0	12	0	0	0	0	0	0	0	0	0	0	26	48	0	0	0	0	0	0	0
fsh-generated/resources/ValueSet-HIV.D.DE1010.json	1344	8	0	0	0	0	0	0	0	12	0	0	0	1	0	0	0	0	0	0	26	53	0	0	0	0	0	0	0
fsh-generated/resources/ValueSet-HIV.D.DE1019.json	1048	7	0	0	0	0	0	0	0	12	0	0	0	0	0	0	0	0	0	0	26	38	0	0	0	0	0	0	0
fsh-generated/resources/ValueSet-HIV.D.DE1028.json	1264	7	0	0	0	0	0	0	0	17	0	0	0	0	0	0	0	0	0	0	26	42	0	0	0	0	0	0	0
fsh-generated/resources/ValueSet-HIV.D.DE1034.json	1274	7	0	0	0	0	0	0	0	13	0	0	0	0	0	0	0	0	0	0	26	44	0	0	0	0	1	0	0
fsh-generated/resources/ValueSet-HIV.D.DE128.json	2271	7	0	0	0	0	0	0	0	12	0	0	0	0	0	0	0	0	0	0	29	67	0	0	0	0	0	0	0
fsh-generated/resources/ValueSet-HIV.D.DE146.json	1187	8	0	0	1	0	0	0	0	12	0	0	0	0	0	0	0	0	0	0	26	53	0	0	0	0	0	0	0
fsh-generated/resources/ValueSet-HIV.D.DE152.json	1173	7	0	0	0	0	0	0	0	11	0	0	0	0	0	0	0	0	0	0	25	43	0	0	0	0	0	0	0
fsh-generated/resources/ValueSet-HIV.D.DE156.json	1254	7	0	0	0	0	0	0	0	11	0	0	0	0	0	0	0	0	0	0	26	47	0	0	0	0	0	0	0
fsh-generated/resources/ValueSet-HIV.D.DE162.json	1022	7	0	0	0	0	0	0	0	11	0	0	0	0	0	0	0	0	0	0	25	39	0	0	0	0	1	0	0
fsh-generated/resources/ValueSet-HIV.D.DE168.json	815	7	0	0	0	0	0	0	1	11	0	0	0	0	0	0	0	0	0	0	24	33	0	0	0	0	0	0	0
fsh-generated/resources/ValueSet-HIV.D.DE17.json	2009	8	0	0	0	0	0	0	0	11	0	0	0	0	0	0	0	0	0	0	28	208	0	0	0	0	0	0	0
fsh-generated/resources/ValueSet-HIV.D.DE170.json	1056	7	0	0	0	0	0	0	0	12	0	0	0	0	0	0	0	0	0	0	25	142	0	0	0	0	0	0	0
fsh-generated/resources/ValueSet-HIV.D.DE177.json	815	7	0	0	0	0	0	0	0	10	0	0	0	0	0	0	0	0	0	0	23	32	0	0	0	0	0	0	0
fsh-generated/resources/ValueSet-HIV.D.DE179.json	947	7	0	0	0	0	0	0	0	12	0	0	0	0	0	0	0	0	0	0	25	37	0	0	0	0	0	0	0
fsh-generated/resources/ValueSet-HIV.D.DE182.json	941	7	0	0	0	0	0	0	0	11	0	0	0	0	0	0	0	0	0	0	24	39	0	0	0	0	1	0	0
fsh-generated/resources/ValueSet-HIV.D.DE186.json	1432	7	0	0	0	0	0	0	0	11	0	0	0	0	0	0	0	0	0	0	26	44	0	0	0	0	0	0	0
fsh-generated/resources/ValueSet-HIV.D.DE197.json	2553	7	0	0	1	0	0	0	0	12	0	0	0	0	0	0	0	0	0	0	30	61	0	0	0	0	0	0	0
fsh-generated/resources/ValueSet-HIV.D.DE217.json	1406	7	0	0	0	0	0	0	0	12	0	0	0	0	0	0	0	0	0	0	26	47	0	0	0	0	0	0	0
fsh-generated/resources/ValueSet-HIV.D.DE225.json	1033	8	0	0	0	0	0	0	0	12	0	0	0	0	0	0	0	0	0	0	26	42	0	0	0	0	0	0	0
fsh-generated/resources/ValueSet-HIV.D.DE229.json	2872	7	0	0	0	0	0	0	0	15	0	0	0	0	0	0	0	0	0	0	30	61	0	0	0	0	1	0	0
fsh-generated/resources/ValueSet-HIV.D.DE247.json	2141	7	0	0	0	0	0	0	0	12	0	0	0	0	0	0	0	0	0	0	28	51	0	0	0	0	0	0	0
fsh-generated/resources/ValueSet-HIV.D.DE259.json	3721	7	0	0	0	0	0	0	1	13	0	0	0	0	0	0	0	0	0	0	35	78	0	0	0	0	0	0	0
fsh-generated/resources/ValueSet-HIV.D.DE289.json	9483	8	0	0	0	0	0	0	0	16	0	0	0	0	0	0	0	0	0	0	52	150	0	0	1	0	1	0	0
fsh-generated/resources/ValueSet-HIV.D.DE358.json	1207	7	0	0	0	0	0	0	0	11	0	0	0	0	0	0	0	0	0	0	26	42	0	0	0	0	1	0	0
fsh-generated/resources/ValueSet-HIV.D.DE370.json	1980	7	0	0	0	0	0	0	0	12	0	0	0	0	0	0	0	0	0	0	28	50	0	0	0	0	0	0	0
fsh-generated/resources/ValueSet-HIV.D.DE383.json	1098	7	0	0	1	0	0	0	0	12	0	0	0	0	0	0	0	0	0	0	25	39	0	0	0	0	0	0	0
fsh-generated/resources/ValueSet-HIV.D.DE391.json	1341	8	0	0	0	0	0	0	0	12	0	0	0	0	0	0	0	0	0	0	26	40	0	0	0	0	0	0	0
fsh-generated/resources/ValueSet-HIV.D.DE399.json	2199	7	0	0	0	0	0	0	0	12	0	0	0	0	0	0	0	0	0	0	29	55	0	0	0	0	1	0	0
fsh-generated/resources/ValueSet-HIV.D.DE418.json	1527	7	0	0	0	0	0	0	0	12	0	0	0	0	0	0	0	0	0	0	26	49	0	0	0	0	0	0	0
fsh-generated/resources/ValueSet-HIV.D.DE43.json	950	7	0	0	0	0	0	0	0	12	0	0	0	0	0	0	0	0	0	0	25	37	0	0	0	0	0	0	0
fsh-generated/resources/ValueSet-HIV.D.DE430.json	1184	7	0	0	0	0	0	0	1	12	0	0	0	0	0	0	0	0	0	0	25	39	0	0	0	0	0	0	0
fsh-generated/resources/ValueSet-HIV.D.DE444.json	775	8	0	0	0	0	0	0	0	10	0	0	0	0	0	0	0	0	0	0	25	32	0	0	0	0	0	0	0
fsh-generated/resources/ValueSet-HIV.D.DE446.json	971	7	0	0	0	0	0	0	0	12	0	0	0	0	0	0	0	0	0	0	25	40	0	0	0	0	0	0	0
fsh-generated/resources/ValueSet-HIV.D.DE449.json	1232	7	0	0	0	0	0	0	0	11	0	0	0	0	0	0	0	0	0	0	26	38	0	0	0	0	0	0	0
fsh-generated/resources/ValueSet-HIV.D.DE457.json	1128	7	0	0	0	0	0	0	0	11	0	0	0	0	0	0	0	0	0	0	25	41	0	0	0	0	1	0	0
fsh-generated/resources/ValueSet-HIV.D.DE461.json	1097	7	0	0	1	0	0	0	0	11	0	0	0	0	0	0	0	0	0	0	25	49	0	0	0	0	0	0	0
fsh-generated/resources/ValueSet-HIV.D.DE466.json	2444	8	0	0	0	0	0	0	0	12	0	0	0	0	0	0	0	0	0	0	30	53	0	0	0	0	0	0	0
fsh-generated/resources/ValueSet-HIV.D.DE482.json	935	7	0	0	0	0	0	0	0	11	0	0	0	0	0	0	0	0	0	0	24	32	0	0	0	0	0	0	0
fsh-generated/resources/ValueSet-HIV.D.DE483.json	950	7	0	0	0	0	0	0	0	11	0	0	0	0	0	0	0	0	0	0	24	34	0	0	0	0	0	0	0
fsh-generated/resources/ValueSet-HIV.D.DE485.json	827	7	0	0	0	0	0	0	0	10	0	0	0	0	0	0	0	0	0	0	24	34	0	0	0	0	0	0	0
fsh-generated/resources/ValueSet-HIV.D.DE486.json	934	7	0	0	0	0	0	0	0	11	0	0	0	0	1	0	0	0	0	0	25	33	0	0	0	0	1	0	0
fsh-generated/resources/ValueSet-HIV.D.DE488.json	905	7	0	0	0	0	0	0	0	10	0	0	0	0	0	0	0	0	0	0	24	32	0	0	0	0	0	0	0
fsh-generated/resources/ValueSet-HIV.D.DE489.json	925	7	0	0	0	0	0	0	0	11	0	0	0	0	0	0	0	0	0	0	25	38	0	0	0	0	0	0	0
fsh-generated/resources/ValueSet-HIV.D.DE491.json	824	8	0	0	0	0	0	0	0	11	0	0	0	0	0	0	0	0	0	0	24	32	0	0	0	0	0	0	0
fsh-generated/resources/ValueSet-HIV.D.DE492.json	943	7	0	0	1	0	0	0	0	10	0	0	0	0	0	0	0	0	0	0	24	33	0	0	0	0	0	0	0
fsh-generated/resources/ValueSet-HIV.D.DE494.json	902	7	0	0	0	0	0	0	0	11	0	0	0	0	0	0	0	0	0	0	24	30	0	0	0	0	0	0	0
fsh-generated/resources/ValueSet-HIV.D.DE495.json	921	7	0	0	0	0	0	0	0	10	0	0	0	0	0	0	0	0	0	0	25	31	0	0	0	0	0	0	0
fsh-generated/resources/ValueSet-HIV.D.DE514.json	646	7	0	0	0	0	0	0	0	11	0	0	0	0	0	0	0	0	0	0	24	30	0	0	0	0	0	0	0
fsh-generated/resources/ValueSet-HIV.D.DE519.json	1253	7	0	0	0	0	0	0	0	12	0	0	0	0	0	0	0	0	0	0	26	41	0	0	0	0	1	0	0
fsh-generated/resources/ValueSet-HIV.D.DE52.json	784	8	0	0	0	0	0	0	0	11	0	0	0	0	0	0	0	0	0	0	25	32	0	0	0	0	0	0	0
fsh-generated/resources/ValueSet-HIV.D.DE525.json	1303	7	0	0	0	0	0	1	1	12	0	0	0	0	0	0	0	0	0	0	26	40	0	0	0	0	0	0	0
fsh-generated/resources/ValueSet-HIV.D.DE532.json	1000	7	0	0	0	0	0	0	0	12	0	0	0	0	0	0	0	0	0	0	25	38	0	0	0	0	0	0	0
fsh-generated/resources/ValueSet-HIV.D.DE537.json	2933	7	0	0	0	0	0	0	0	12	0	0	0	0	0	0	0	0	0	0	30	73	0	0	0	0	0	0	0
fsh-generated/resources/ValueSet-HIV.D.DE55.json	808	7	0	0	0	0	0	0	0	11	0	0	0	0	0	0	0	0	0	0	24	31	0	0	0	0	1	0	0
fsh-generated/resources/ValueSet-HIV.D.DE56.json	1413	8	0	0	0	0	0	0	0	11	0	0	0	0	0	0	0	0	0	0	26	44	0	0	0	0	0	0	0
fsh-generated/resources/ValueSet-HIV.D.DE560.json	1489	7	0	0	1	0	0	0	0	12	0	0	0	0	0	0	0	0	0	0	27	47	0	0	0	0	0	0	0
fsh-generated/resources/ValueSet-HIV.D.DE569.json	3363	7	0	0	0	0	0	0	0	14	0	0	0	0	0	0	0	0	0	0	33	69	0	0	0	0	0	0	0
fsh-generated/resources/ValueSet-HIV.D.DE593.json	1522	7	0	0	0	0	0	0	0	12	0	0	0	0	0	0	0	0	0	0	27	45	0	0	0	0	1	0	0
fsh-generated/resources/ValueSet-HIV.D.DE603.json	798	8	0	0	0	0	0	0	0	11	0	0	0	0	0	0	0	0	0	0	24	37	0	0	0	0	0	0	0
fsh-generated/resources/ValueSet-HIV.D.DE604.json	769	7	0	0	0	0	0	0	0	11	0	0	0	0	0	0	0	0	0	0	24	35	0	0	0	0	0	0	0
fsh-generated/resources/ValueSet-HIV.D.DE606.json	1074	7	0	0	0	0	0	0	0	12	0	0	0	0	0	0	0	1	0	0	25	39	0	0	0	0	0	0	0
fsh-generated/resources/ValueSet-HIV.D.DE610.json	3252	8	0	0	0	0	0	0	0	14	0	0	0	0	0	0	0	0	0	0	32	73	0	0	0	0	0	0	0
fsh-generated/resources/ValueSet-HIV.D.DE63.json	876	7	0	0	0	0	0	0	1	11	0	0	0	0	0	0	0	0	0	0	24	32	0	0	0	0	1	0	0
fsh-generated/resources/ValueSet-HIV.D.DE636.json	1276	7	0	0	0	0	0	0	0	12	0	0	0	0	0	0	0	0	0	0	26	41	0	0	0	0	0	0	0
fsh-generated/resources/ValueSet-HIV.D.DE64.json	825	7	0	0	0	0	0	0	0	11	0	0	0	0	0	0	0	0	0	0	24	32	0	0	0	0	0	0	0
fsh-generated/resources/ValueSet-HIV.D.DE646.json	1162	7	0	0	1	0	0	0	0	11	0	0	0	0	0	0	0	0	0	0	26	38	0	0	0	0	0	0	0
fsh-generated/resources/ValueSet-HIV.D.DE65.json	1526	7	0	0	0	0	0	0	0	12	0	0	0	0	0	0	0	0	0	0	27	44	0	0	0	0	0	0	0
fsh-generated/resources/ValueSet-HIV.D.DE658.json	1164	8	0	0	0	0	0	0	0	12	0	0	0	0	0	0	0	0	0	0	25	40	0	0	0	0	0	0	0
fsh-generated/resources/ValueSet-HIV.D.DE664.json	1052	7	0	0	0	0	0	0	0	12	0	0	0	0	0	0	0	0	0	0	25	39	0	0	0	0	0	0	0
fsh-generated/resources/ValueSet-HIV.D.DE668.json	1134	7	0	0	0	0	0	0	0	11	0	0	0	0	0	0	0	0	0	0	25	39	0	0	0	0	1	0	0
fsh-generated/resources/ValueSet-HIV.D.DE673.json	1315	7	0	0	0	0	0	0	0	12	0	0	0	0	0	0	0	0	0	0	26	41	0	0	0	0	0	0	0
fsh-generated/resources/ValueSet-HIV.D.DE681.json	1225	8	0	0	0	0	0	0	0	12	0	0	0	0	0	0	0	0	0	0	26	41	0	0	0	0	0	0	0
fsh-generated/resources/ValueSet-HIV.D.DE688.json	919	7	0	0	0	0	0	0	0	11	0	0	0	0	0	0	0	0	0	0	25	37	0	0	0	0	0	0	0
fsh-generated/resources/ValueSet-HIV.D.DE691.json	1307	7	0	0	0	0	0	0	0	11	0	0	0	0	0	0	0	0	0	0	26	40	0	0	0	0	0	0	0
fsh-generated/resources/ValueSet-HIV.D.DE697.json	1203	7	0	0	0	0	0	0	0	11	0	0	0	0	0	0	0	0	0	0	26	39	0	0	0	0	1	0	0
fsh-generated/resources/ValueSet-HIV.D.DE706.json	1010	7	0	0	1	0	0	0	0	12	0	0	0	0	0	0	0	0	0	0	25	40	0	0	0	0	0	0	0
fsh-generated/resources/ValueSet-HIV.D.DE709.json	961	7	0	0	0	0	0	0	0	11	0	0	0	0	0	0	0	0	0	0	24	37	0	0	0	0	0	0	1
fsh-generated/resources/ValueSet-HIV.D.DE712.json	1237	7	0	0	0	0	0	0	0	12	0	0	0	0	0	0	0	0	0	0	26	41	0	0	0	0	0	0	0
fsh-generated/resources/ValueSet-HIV.D.DE719.json	1453	8	0	0	0	0	0	0	1	11	0	0	0	0	0	0	0	0	0	0	26	44	0	0	0	0	0	0	0
fsh-generated/resources/ValueSet-HIV.D.DE731.json	1567	7	0	0	0	0	0	0	0	12	0	0	0	0	0	0	0	0	0	0	27	45	0	0	0	0	0	0	0
fsh-generated/resources/ValueSet-HIV.D.DE74.json	830	7	0	0	0	0	0	0	0	11	0	0	0	0	0	0	0	0	0	0	24	32	0	0	0	0	0	0	0
fsh-generated/resources/ValueSet-HIV.D.DE746.json	1512	7	0	0	0	0	0	0	0	12	0	0	0	0	0	0	0	0	0	0	27	45	0	0	0	0	1	0	0
fsh-generated/resources/ValueSet-HIV.D.DE75.json	856	7	0	0	0	0	0	0	0	11	0	0	0	0	0	0	0	0	0	0	25	35	0	0	0	0	0	0	0
fsh-generated/resources/ValueSet-HIV.D.DE753.json	1673	8	0	0	0	0	0	0	0	12	0	0	0	0	0	0	0	0	0	0	29	48	0	0	0	0	0	0	0
fsh-generated/resources/ValueSet-HIV.D.DE764.json	1441	7	0	0	0	0	0	0	0	12	0	0	0	0	0	0	0	0	0	0	26	44	0	0	0	0	0	0	0
fsh-generated/resources/ValueSet-HIV.D.DE77.json	856	7	0	0	0	0	0	0	0	11	0	0	0	0	0	0	0	0	0	0	25	33	0	0	0	0	0	0	0
fsh-generated/resources/ValueSet-HIV.D.DE778.json	1493	7	0	0	1	0	0	0	0	12	0	0	0	0	0	0	0	0	0	0	27	47	0	0	0	0	1	0	0
fsh-generated/resources/ValueSet-HIV.D.DE78.json	862	7	0	0	0	0	0	0	0	11	0	0	0	0	0	0	0	0	0	0	25	31	0	0	0	0	0	0	0
fsh-generated/resources/ValueSet-HIV.D.DE789.json	1767	8	0	0	0	0	0	0	0	13	0	0	0	0	0	0	0	0	0	0	27	47	0	0	0	0	0	0	0
fsh-generated/resources/ValueSet-HIV.D.DE79.json	934	7	0	0	0	0	0	0	0	10	0	0	0	0	0	0	0	0	0	0	25	31	0	0	0	0	0	0	0
fsh-generated/resources/ValueSet-HIV.D.DE80.json	849	7	0	0	0	0	0	0	0	11	0	0	0	0	0	0	0	0	0	0	24	30	0	0	0	0	0	0	0
fsh-generated/resources/ValueSet-HIV.D.DE802.json	1012	7	0	0	0	0	0	0	0	12	0	0	0	0	0	0	0	0	0	0	26	37	0	0	0	0	0	0	0
fsh-generated/resources/ValueSet-HIV.D.DE808.json	1016	7	0	0	0	0	0	0	0	12	0	0	0	0	0	0	0	0	0	0	26	37	0	0	0	0	1	0	0
fsh-generated/resources/ValueSet-HIV.D.DE81.json	874	8	0	0	0	0	0	0	0	11	0	0	0	0	0	0	0	0	0	0	25	30	0	0	0	0	0	0	0
fsh-generated/resources/ValueSet-HIV.D.DE813.json	1318	7	0	0	0	0	0	0	0	12	0	0	0	0	0	0	0	0	0	0	26	43	0	0	0	0	0	0	0
fsh-generated/resources/ValueSet-HIV.D.DE82.json	901	7	0	0	0	0	0	0	1	11	0	0	0	0	0	0	0	0	0	0	24	33	0	0	0	0	0	0	0
fsh-generated/resources/ValueSet-HIV.D.DE821.json	1232	7	0	0	1	0	0	0	0	13	0	0	0	0	0	0	0	0	0	0	27	43	0	0	0	0	0	0	0
fsh-generated/resources/ValueSet-HIV.D.DE828.json	1230	7	0	0	0	0	0	0	0	12	0	0	0	0	0	0	0	0	0	0	27	42	0	0	0	0	0	0	0
fsh-generated/resources/ValueSet-HIV.D.DE83.json	1543	8	0	0	0	0	0	0	0	11	0	0	0	0	0	0	0	0	0	0	27	42	0	0	0	0	1	0	0
fsh-generated/resources/ValueSet-HIV.D.DE836.json	1321	7	0	0	0	0	0	0	0	12	0	0	0	0	0	0	0	0	0	0	26	74	0	0	0	0	0	0	0
fsh-generated/resources/ValueSet-HIV.D.DE845.json	1230	7	0	0	0	0	0	0	0	11	0	0	0	0	0	0	0	0	0	0	26	45	0	0	0	0	0	0	0
fsh-generated/resources/ValueSet-HIV.D.DE853.json	1056	8	0	0	0	0	0	0	0	11	0	0	0	0	0	0	0	0	0	0	25	42	0	0	0	0	0	0	0
fsh-generated/resources/ValueSet-HIV.D.DE858.json	1043	7	0	0	0	0	0	0	0	12	0	0	0	0	0	0	0	0	0	0	25	55	0	0	0	0	0	0	0
fsh-generated/resources/ValueSet-HIV.D.DE864.json	1002	7	0	0	0	0	0	0	0	12	0	0	0	0	0	0	0	0	0	0	25	63	0	0	0	0	0	0	0
fsh-generated/resources/ValueSet-HIV.D.DE869.json	1230	7	0	0	0	0	0	0	0	13	0	0	0	0	0	0	0	0	0	0	26	48	0	0	0	0	1	0	0
fsh-generated/resources/ValueSet-HIV.D.DE877.json	1028	7	0	0	0	0	0	0	0	11	0	0	0	0	0	0	0	0	0	0	26	62	0	0	0	0	0	0	0
fsh-generated/resources/ValueSet-HIV.D.DE893.json	971	8	0	0	1	0	0	0	0	12	0	0	0	0	0	0	0	0	0	0	25	42	0	0	0	0	0	0	0
fsh-generated/resources/ValueSet-HIV.D.DE897.json	1185	7	0	0	0	0	0	0	0	11	0	0	0	0	0	0	0	0	0	0	26	54	0	0	0	0	0	0	0
fsh-generated/resources/ValueSet-HIV.D.DE90.json	4378	7	0	0	0	0	0	0	1	14	0	0	0	0	0	0	0	0	0	0	38	104	0	0	0	0	1	0	0
fsh-generated/resources/ValueSet-HIV.D.DE903.json	3609	8	0	0	0	0	0	0	0	15	0	0	0	0	0	0	0	0	0	0	36	91	0	0	0	0	0	0	0
fsh-generated/resources/ValueSet-HIV.D.DE934.json	1128	7	0	0	0	0	0	0	0	11	0	0	0	0	0	0	0	0	0	0	26	69	0	0	0	0	0	0	0
fsh-generated/resources/ValueSet-HIV.D.DE939.json	965	8	0	0	0	0	0	0	0	12	0	0	0	0	0	0	0	0	0	0	25	63	0	0	0	0	0	0	0
fsh-generated/resources/ValueSet-HIV.D.DE942.json	957	7	0	0	0	0	0	0	0	11	0	0	0	0	0	0	0	0	0	0	26	65	0	0	0	0	0	0	0
fsh-generated/resources/ValueSet-HIV.D.DE947.json	1109	7	0	0	0	0	0	0	0	12	0	0	0	0	0	0	0	0	0	0	26	68	0	0	0	0	1	0	0
fsh-generated/resources/ValueSet-HIV.D.DE956.json	2486	8	0	0	0	0	0	0	0	12	0	0	0	0	0	0	0	0	0	0	32	82	0	0	0	0	0	0	0
fsh-generated/resources/ValueSet-HIV.D.DE973.json	1899	7	0	0	0	0	0	0	0	13	0	0	0	0	0	0	0	0	0	0	31	54	0	0	0	0	0	0	0
fsh-generated/resources/ValueSet-HIV.D.DE986.json	1066	7	0	0	1	0	0	0	0	11	0	0	0	0	0	0	0	0	0	0	25	48	0	0	0	0	0	0	0
fsh-generated/resources/ValueSet-HIV.D.DE992.json	1200	8	0	0	0	0	0	0	0	12	0	0	0	0	0	0	0	0	0	0	27	42	0	0	0	0	1	0	0
fsh-generated/resources/ValueSet-HIV.E.DE104.json	1061	7	0	0	0	0	0	0	0	14	0	0	0	0	0	0	0	0	0	0	26	44	0	0	0	0	0	0	0
fsh-generated/resources/ValueSet-HIV.E.DE108.json	1094	7	0	0	0	0	0	0	0	13	0	0	0	0	0	0	0	0	0	0	26	45	0	0	0	0	0	0	0
fsh-generated/resources/ValueSet-HIV.E.DE114.json	1230	7	0	0	0	0	0	0	0	12	0	0	0	0	0	0	0	0	0	0	26	51	0	0	0	0	0	0	0
fsh-generated/resources/ValueSet-HIV.E.DE127.json	1042	7	0	0	0	0	0	0	1	12	0	0	0	0	0	0	0	0	0	0	27	54	0	0	0	0	0	0	0
fsh-generated/resources/ValueSet-HIV.E.DE136.json	970	8	0	0	0	0	0	0	0	11	0	0	0	0	0	0	0	0	0	0	25	42	0	0	0	0	0	0	0
fsh-generated/resources/ValueSet-HIV.E.DE141.json	1026	7	0	0	0	0	0	0	0	12	0	0	0	0	0	0	0	0	0	0	26	55	0	0	0	0	0	0	0
fsh-generated/resources/ValueSet-HIV.E.DE145.json	1064	7	0	0	0	0	0	0	0	12	0	0	0	0	0	0	0	0	0	0	26	52	0	0	0	0	1	0	0
fsh-generated/resources/ValueSet-HIV.E.DE149.json	1030	7	0	0	1	0	0	0	0	12	0	0	0	0	0	0	0	0	0	0	25	45	0	0	0	0	0	0	0
fsh-generated/resources/ValueSet-HIV.E.DE155.json	1315	8	0	0	0	0	0	0	0	12	0	0	0	0	0	0	0	0	0	0	27	68	0	0	0	0	0	0	0
fsh-generated/resources/ValueSet-HIV.E.DE168.json	1173	7	0	0	0	0	0	0	0	20	0	0	0	0	0	0	0	0	0	0	26	67	0	0	0	0	0	0	0
fsh-generated/resources/ValueSet-HIV.E.DE17.json	2594	7	0	0	0	0	0	0	0	14	0	0	0	0	0	0	0	0	0	0	31	65	0	0	0	0	0	0	0
fsh-generated/resources/ValueSet-HIV.E.DE173.json	1121	8	0	0	0	0	0	0	0	12	0	0	0	0	0	0	0	0	0	0	28	40	0	0	0	0	1	0	0
fsh-generated/resources/ValueSet-HIV.E.DE180.json	936	7	0	0	0	0	0	0	0	12	0	0	0	0	0	0	0	0	0	0	25	39	0	0	0	0	0	0	0
fsh-generated/resources/ValueSet-HIV.E.DE183.json	968	7	0	0	0	0	0	0	0	12	0	0	0	0	0	0	0	0	0	0	24	39	0	0	0	0	0	0	0
fsh-generated/resources/ValueSet-HIV.E.DE186.json	1045	7	0	0	0	0	0	0	0	12	0	0	0	0	0	0	0	0	0	0	25	45	0	0	0	0	0	0	0
fsh-generated/resources/ValueSet-HIV.E.DE190.json	1045	7	0	0	0	0	0	0	0	13	0	0	0	0	0	0	0	0	0	0	25	40	0	0	0	0	0	0	0
fsh-generated/resources/ValueSet-HIV.E.DE194.json	1359	8	0	0	0	0	0	0	0	13	0	0	0	0	0	0	0	0	0	0	26	45	0	0	0	0	0	0	0
fsh-generated/resources/ValueSet-HIV.E.DE200.json	1049	7	0	0	0	0	0	0	0	12	0	0	0	0	0	0	0	0	0	0	26	46	0	0	0	0	1	0	0
fsh-generated/resources/ValueSet-HIV.E.DE204.json	1050	7	0	0	1	0	0	0	0	12	0	0	0	0	0	0	0	0	0	0	25	63	0	0	0	0	0	0	0
fsh-generated/resources/ValueSet-HIV.E.DE208.json	1049	8	0	0	0	0	0	0	0	12	0	0	0	0	0	0	0	0	0	0	26	39	0	0	0	0	0	0	0
fsh-generated/resources/ValueSet-HIV.E.DE212.json	1067	10	0	0	0	0	0	0	1	12	0	0	0	0	0	0	0	0	0	0	25	40	0	0	0	0	0	0	0
fsh-generated/resources/ValueSet-HIV.E.DE216.json	1059	7	0	0	0	0	0	0	0	12	0	0	0	0	0	0	0	0	0	0	27	42	0	0	0	0	0	0	0
fsh-generated/resources/ValueSet-HIV.E.DE220.json	1077	8	0	0	0	0	0	0	0	12	0	0	0	0	0	0	0	0	0	0	26	55	0	0	0	0	0	0	0
fsh-generated/resources/ValueSet-HIV.E.DE225.json	1106	7	0	0	0	0	0	0	0	12	0	0	0	0	0	0	0	0	0	0	27	43	0	0	0	0	1	0	0
fsh-generated/resources/ValueSet-HIV.E.DE230.json	1157	7	0	0	0	0	0	0	0	12	0	0	0	0	0	0	0	0	0	0	27	45	0	0	0	0	0	0	0
fsh-generated/resources/ValueSet-HIV.E.DE234.json	1277	7	0	0	0	0	0	0	0	12	0	0	0	0	0	0	0	0	0	0	26	44	0	0	0	0	0	0	0
fsh-generated/resources/ValueSet-HIV.E.DE240.json	859	7	0	0	0	0	0	0	0	11	0	0	0	0	0	0	0	0	0	0	26	58	0	0	0	0	0	0	0
fsh-generated/resources/ValueSet-HIV.E.DE246.json	1451	8	0	0	0	0	0	0	0	13	0	0	0	0	0	0	0	0	0	0	26	53	0	0	0	0	0	0	0
fsh-generated/resources/ValueSet-HIV.E.DE255.json	1129	7	0	0	1	0	0	0	0	12	0	0	0	0	0	0	0	0	0	0	25	42	0	0	0	0	0	0	0
fsh-generated/resources/ValueSet-HIV.E.DE259.json	1113	7	0	0	0	0	0	0	0	13	0	0	0	0	0	0	0	0	0	0	25	58	0	0	0	0	1	0	0
fsh-generated/resources/ValueSet-HIV.E.DE264.json	1714	7	0	0	0	0	0	0	0	15	0	0	0	0	0	0	0	1	0	0	28	53	0	0	0	0	0	0	0
fsh-generated/resources/ValueSet-HIV.E.DE41.json	1144	8	0	0	0	0	0	0	0	12	0	0	0	0	0	0	0	0	0	0	25	44	0	0	0	0	0	0	0
fsh-generated/resources/ValueSet-HIV.E.DE47.json	1127	7	0	0	0	0	0	0	0	15	0	0	0	0	0	0	0	0	0	0	25	52	0	0	0	0	0	0	0
fsh-generated/resources/ValueSet-HIV.E.DE52.json	1080	7	0	0	0	0	0	0	0	12	0	0	0	0	0	0	0	0	0	0	25	37	0	0	0	0	0	0	0
fsh-generated/resources/ValueSet-HIV.E.DE6.json	1175	7	0	0	0	0	0	0	0	12	0	0	0	0	0	0	0	0	0	0	26	42	0	0	0	0	0	0	0
fsh-generated/resources/ValueSet-HIV.E.DE62.json	1094	7	0	0	0	0	0	0	0	12	0	0	0	0	0	0	0	0	0	0	25	36	0	0	0	0	1	0	0
fsh-generated/resources/ValueSet-HIV.E.DE67.json	1017	7	0	0	0	0	0	0	1	12	0	0	0	0	0	0	0	0	0	0	25	37	0	0	0	0	0	0	0
fsh-generated/resources/ValueSet-HIV.E.DE75.json	829	8	0	0	0	0	0	0	0	12	0	0	0	0	0	0	0	0	0	0	24	35	0	0	0	0	0	0	0
fsh-generated/resources/ValueSet-HIV.E.DE91.json	984	7	0	0	1	0	0	0	0	12	0	0	0	0	0	0	0	0	0	0	26	38	0	0	0	0	0	0	0
fsh-generated/resources/ValueSet-HIV.G.DE13.json	1128	7	0	0	0	0	0	0	0	18	0	0	0	0	0	0	0	0	0	0	25	37	0	0	0	0	0	0	0
fsh-generated/resources/ValueSet-HIV.G.DE18.json	1016	7	0	0	0	0	0	0	0	12	0	0	0	0	0	0	0	0	0	0	25	39	0	0	0	0	0	0	0
fsh-generated/resources/ValueSet-HIV.G.DE22.json	1339	7	0	0	0	0	0	0	0	12	0	0	0	0	0	0	0	0	0	0	30	42	0	0	0	0	1	0	0
fsh-generated/resources/ValueSet-HIV.G.DE29.json	939	7	0	0	0	0	0	0	0	11	0	0	0	0	0	0	0	0	0	0	25	37	0	0	0	0	0	0	0
fsh-generated/resources/ValueSet-HIV.G.DE35.json	1334	7	0	0	0	0	0	0	0	12	0	0	0	0	0	0	0	0	0	0	27	40	0	0	0	0	0	0	0
fsh-generated/resources/ValueSet-HIV.G.DE43.json	1050	7	0	0	0	0	0	0	0	11	0	0	0	0	0	0	0	0	0	0	25	37	0	0	0	0	0	0	0
fsh-generated/resources/ValueSet-HIV.G.DE48.json	942	8	0	0	0	0	0	0	0	12	0	0	0	0	0	0	0	0	0	0	24	37	0	0	0	0	0	0	0
fsh-generated/resources/ValueSet-HIV.G.DE51.json	939	7	0	0	0	0	0	0	0	11	0	0	0	0	0	0	0	0	0	0	24	36	0	0	0	0	0	0	0
fsh-generated/resources/ValueSet-HIV.G.DE55.json	1224	7	0	0	0	0	0	0	0	12	0	0	0	0	0	0	0	0	0	0	27	39	0	0	0	0	0	0	0
fsh-generated/resources/ValueSet-HIV.G.DE62.json	1328	7	0	0	0	0	0	0	0	12	0	0	0	0	0	0	0	0	0	1	26	45	0	0	0	0	1	0	0
fsh-generated/resources/ValueSet-HIV.G.DE70.json	1006	7	0	0	1	0	0	0	0	12	0	0	0	0	0	0	0	0	0	0	25	39	0	0	0	0	0	0	0
fsh-generated/resources/ValueSet-HIV.G.DE74.json	927	8	0	0	0	0	0	0	0	12	0	0	0	0	0	0	0	0	0	0	25	56	0	0	0	0	0	0	0
fsh-generated/resources/ValueSet-HIV.H.DE1.json	1472	7	0	0	0	0	0	0	0	12	0	0	0	0	0	0	0	0	0	0	27	46	0	0	0	0	0	0	0
fsh-generated/resources/ValueSet-HIV.H.DE13.json	1019	7	0	0	0	0	0	0	0	12	0	0	0	0	0	0	0	0	0	0	24	39	0	0	0	0	0	0	0
fsh-generated/resources/ValueSet-HIV.H.DE17.json	1169	7	0	0	0	0	0	0	1	12	0	0	0	0	0	0	0	0	0	0	26	41	0	0	0	0	0	0	0
fsh-generated/resources/ValueSet-HIV.H.DE23.json	1365	7	0	0	0	0	0	0	0	12	0	0	0	0	0	0	0	0	0	0	26	43	0	0	0	0	1	0	0
fsh-generated/resources/ValueSet-HIV.H.DE34.json	1069	8	0	0	0	0	0	0	0	12	0	0	0	0	0	0	0	0	0	0	25	47	0	0	0	0	0	0	0
fsh-generated/resources/ValueSet-HIV.H.DE41.json	1191	7	0	0	0	0	0	0	0	11	0	0	0	0	0	0	0	0	0	0	26	43	0	0	0	0	0	0	0
fsh-generated/resources/ValueSet-HIV.H.DE50.json	852	7	0	0	0	0	0	0	0	12	0	0	0	0	0	0	0	0	0	0	24	43	0	0	0	0	0	0	0
fsh-generated/resources/ValueSet-HIV.H.DE53.json	2507	7	0	0	0	0	0	0	0	13	0	0	0	0	0	0	0	0	0	0	30	68	0	0	0	0	0	0	1
fsh-generated/resources/ValueSet-HIV.H.DE74.json	1401	7	0	0	1	0	0	0	0	12	0	0	0	0	0	0	0	0	0	0	27	47	0	0	0	0	1	0	0
fsh-generated/resources/ValueSet-HIV.I.DE2.json	1352	7	0	0	0	0	0	0	0	19	0	0	0	0	0	0	0	0	0	0	26	43	0	0	0	0	0	0	0
fsh-generated/resources/ValueSet-HIV.PRV.DE11.json	1035	8	0	0	0	0	0	0	0	11	0	0	0	0	0	0	0	0	0	0	25	38	0	0	0	0	0	0	0
fsh-generated/resources/ValueSet-HIV.PRV.DE2.json	1312	7	0	0	0	0	0	0	0	12	0	0	0	0	0	0	0	0	0	0	26	45	0	0	0	0	0	0	0
